寶雅,2017-06-04 12:10:49,【買一送一】芙夏妮水水亮澤洗髮乳550ml【寶雅】芙夏妮 亮澤 洗髮乳,148元,https://tw.mall.yahoo.com/item/p0052101377494,50,銷售件數：4
寶雅,2017-06-04 12:10:49,【買一送一】味覺噗啾條糖50g(六款任選)【寶雅】UHA,78元,https://tw.mall.yahoo.com/item/p0052121599562,50,銷售件數：6
寶雅,2017-06-04 12:10:50,澡享男性沐浴乳1000ml雪松白麝香【寶雅】男性,235元,https://tw.mall.yahoo.com/item/p0052129249031,50,銷售件數：1
寶雅,2017-06-04 12:10:50,香蕉船運動系列防曬乳液SPF50(90ml)【寶雅】,199元,https://tw.mall.yahoo.com/item/p0052103766794,50,銷售件數：1
寶雅,2017-06-04 12:10:51,曼秀雷敦SKINAQUA水潤肌美白水感防曬露80g【寶雅】,229元,https://tw.mall.yahoo.com/item/p0052103766733,50,銷售件數：0
寶雅,2017-06-04 12:10:51,韓國 海苔酥40g(兩款任選)【寶雅】,49元,https://tw.mall.yahoo.com/item/p0052125073387,50,銷售件數：0
寶雅,2017-06-04 12:10:52,繽紛純色彈力行李箱束帶【寶雅】行李箱 束帶,189元,https://tw.mall.yahoo.com/item/p0052116952223,50,銷售件數：0
寶雅,2017-06-04 12:10:52,秘境安全防盜包【寶雅】旅行 腰包,129元,https://tw.mall.yahoo.com/item/p0052116952381,50,銷售件數：0
寶雅,2017-06-04 12:10:53,媚比琳FIT ME遮遮稱奇遮瑕膏 6.8ml(4色任選)【寶雅】FIT ME 寶雅獨家 媚比琳 遮瑕膏,295元,https://tw.mall.yahoo.com/item/p0052129785843,50,銷售件數：85
寶雅,2017-06-04 12:10:54,【現貨】媚比琳FIT ME反孔特霧粉底液30ml(8色任選)【寶雅】FIT ME 寶雅獨家 媚比琳 粉底液,385元,https://tw.mall.yahoo.com/item/p0052123406151,50,銷售件數：32
寶雅,2017-06-04 12:10:54,霓淨思冰河醣蛋白深層保濕面膜(10入)【寶雅】霓淨思 N3 面膜,170元,https://tw.mall.yahoo.com/item/p0052110225598,50,銷售件數：12
寶雅,2017-06-04 12:10:55,【買一送一】Dr.FreeVenus藝群 玻尿酸精華液50ml【寶雅】FG特優 藝群 玻尿酸 精華液,449元,https://tw.mall.yahoo.com/item/p005296808667,50,銷售件數：7
寶雅,2017-06-04 12:10:56,【買一送一】韓國漢方衛生棉量多26cm16片【寶雅】莉蓮,159元,https://tw.mall.yahoo.com/item/p0052112652826,50,銷售件數：7
寶雅,2017-06-04 12:10:56,【買一送一】韓國漢方衛生棉日用23cm18片【寶雅】,159元,https://tw.mall.yahoo.com/item/p0052112652825,50,銷售件數：5
寶雅,2017-06-04 12:10:57,霓淨思神經醯胺潤澤保濕面膜【寶雅】霓淨思 N3 面膜,170元,https://tw.mall.yahoo.com/item/p0052110225637,50,銷售件數：9
寶雅,2017-06-04 12:10:57,【買一送一】韓國漢方衛生棉夜用29cm14片【寶雅】莉蓮,159元,https://tw.mall.yahoo.com/item/p0052112652836,50,銷售件數：7
寶雅,2017-06-04 12:10:58,【oserio歐瑟若】FLG-351時尚多彩中文體脂計【寶雅】,1280元,https://tw.mall.yahoo.com/item/p0052132189297,50,銷售件數：4
寶雅,2017-06-04 12:10:58,霓淨思深海藍藻補水保濕面膜10片【寶雅】霓淨思 N3 面膜,170元,https://tw.mall.yahoo.com/item/p0052119265716,50,銷售件數：4
寶雅,2017-06-04 12:10:59,歐森好立善鎂發泡錠(200mg)【寶雅】,138元,https://tw.mall.yahoo.com/item/p0052114770078,50,銷售件數：11
寶雅,2017-06-04 12:11:00,【買一送一】DR.WU杏仁酸亮白化妝水150ml【寶雅】昆凌 DR.WU 杏仁酸 亮白,750元,https://tw.mall.yahoo.com/item/p0052101392987,50,銷售件數：3
寶雅,2017-06-04 12:11:00,【買一送一】韓國 Lilian 爽身粉香衛生棉(29cm/14片)【寶雅】/ 草本 韓國 Lilian,149元,https://tw.mall.yahoo.com/item/p005296130633,50,銷售件數：5
寶雅,2017-06-04 12:11:01,霓淨思紅石榴清透瑩白面膜10入【寶雅】霓淨思 N3 面膜,170元,https://tw.mall.yahoo.com/item/p0052123248209,50,銷售件數：4
寶雅,2017-06-04 12:11:03,霓淨思杏仁酸淨膚亮白面膜10片【寶雅】霓淨思 N3 面膜,170元,https://tw.mall.yahoo.com/item/p0052110225575,50,銷售件數：3
寶雅,2017-06-04 12:11:04,霓淨思N7自拍免修修亮白面膜4入【寶雅】面膜 霓淨思 N7,150元,https://tw.mall.yahoo.com/item/p0052110225618,50,銷售件數：4
寶雅,2017-06-04 12:11:04,【買一送一】愛康抗菌衛生棉24cm日用型(8片/包)【寶雅】愛康 抗菌 衛生棉 日用,99元,https://tw.mall.yahoo.com/item/p0052132237419,50,銷售件數：9
寶雅,2017-06-04 12:11:05,霓淨思N7跑趴超貼妝保濕面膜4入【寶雅】霓淨思 N7 面膜,150元,https://tw.mall.yahoo.com/item/p0052110225622,50,銷售件數：5
寶雅,2017-06-04 12:11:06,凱婷零瑕肌密粉底液30ml(六色任選)【寶雅】凱婷 KATE 零瑕肌密 粉底液,425元,https://tw.mall.yahoo.com/item/p0052132092569,50,銷售件數：4
寶雅,2017-06-04 12:11:07,【買1送1】Dr.FreeVenus藝群Q10胺基酸洗面乳150ml【寶雅】胺基酸 洗面乳 Q10 藝群,341元,https://tw.mall.yahoo.com/item/p0052104276876,50,銷售件數：3
寶雅,2017-06-04 12:11:07,凱婷零瑕肌密CC飾底霜【寶雅】凱婷 KATE 零瑕肌密 飾底霜,281元,https://tw.mall.yahoo.com/item/p0052132094253,50,銷售件數：2
寶雅,2017-06-04 12:11:08,heme Baby Q 透明粉撲【寶雅】,189元,https://tw.mall.yahoo.com/item/p0052131879794,50,銷售件數：4
寶雅,2017-06-04 12:11:08,Shelim高效保濕精華面膜-膠原蛋白25ml【寶雅】,11元,https://tw.mall.yahoo.com/item/p0052131849753,50,銷售件數：2
寶雅,2017-06-04 12:11:09,Shelim高效保濕精華面膜-綠茶25ml【寶雅】,11元,https://tw.mall.yahoo.com/item/p0052131849468,50,銷售件數：6
寶雅,2017-06-04 12:11:10,Shelim高效保濕精華面膜-黃瓜25ml【寶雅】,11元,https://tw.mall.yahoo.com/item/p0052131849463,50,銷售件數：2
寶雅,2017-06-04 12:11:11,Shelim高效保濕精華面膜#珍珠25ml【寶雅】,11元,https://tw.mall.yahoo.com/item/p0052131849458,50,銷售件數：2
寶雅,2017-06-04 12:11:12,Bifesta碧菲絲特卸妝棉46張-兩款任選【寶雅】,189元,https://tw.mall.yahoo.com/item/p0052131849454,50,銷售件數：5
寶雅,2017-06-04 12:11:13,Shelim高效保濕精華面膜#蘆薈25ml【寶雅】,11元,https://tw.mall.yahoo.com/item/p0052131849451,50,銷售件數：2
寶雅,2017-06-04 12:11:13,霓淨思N7低頭追劇緊實面膜4入【寶雅】面膜 霓淨思 N7,150元,https://tw.mall.yahoo.com/item/p0052110225626,50,銷售件數：2
寶雅,2017-06-04 12:11:15,【買一送一】愛康抗菌衛生棉28cm夜用型(7片/包)【寶雅】愛康 抗菌 衛生棉 夜用,99元,https://tw.mall.yahoo.com/item/p0052132237750,50,銷售件數：3
寶雅,2017-06-04 12:11:16,霓淨思蜂萃緊緻抗皺面膜(10入)【寶雅】霓淨思 N3 面膜,170元,https://tw.mall.yahoo.com/item/p0052110225608,50,銷售件數：2
寶雅,2017-06-04 12:11:17,【買一送一】韓國 Lilian 爽身粉香護墊(18cm/20片)【寶雅】/ 草本 韓國 Lilian,99元,https://tw.mall.yahoo.com/item/p005296130780,50,銷售件數：2
寶雅,2017-06-04 12:11:18,歐森好立善綜合維他命發泡錠【寶雅】,138元,https://tw.mall.yahoo.com/item/p0052114770075,50,銷售件數：7
寶雅,2017-06-04 12:11:18,柔綺衣物瞬涼噴霧100ml(Frozen)【寶雅】柔綺 衣物瞬涼 噴霧 涼感 夏天,99元,https://tw.mall.yahoo.com/item/p0052128989916,50,銷售件數：2
寶雅,2017-06-04 12:11:19,【買一送一】韓國 Lilian 爽身粉香衛生棉(26cm/16片)【寶雅】/ 草本 韓國 Lilian,149元,https://tw.mall.yahoo.com/item/p005296130486,50,銷售件數：3
寶雅,2017-06-04 12:11:20,澡享沐浴乳1000ml 白茶【寶雅】,235元,https://tw.mall.yahoo.com/item/p0052121499379,50,銷售件數：4
寶雅,2017-06-04 12:11:21,【買一送一】芙夏妮水水亮澤洗髮乳550ml【寶雅】芙夏妮 亮澤 洗髮乳,148元,https://tw.mall.yahoo.com/item/p0052101377494,50,銷售件數：4
寶雅,2017-06-04 12:11:21,【買一送一】韓國 Lilian 爽身粉香衛生棉(23cm/18片)【寶雅】/ 草本 韓國 Lilian,149元,https://tw.mall.yahoo.com/item/p005296130349,50,銷售件數：3
寶雅,2017-06-04 12:11:22,【買一送一】愛康抗菌衛生棉15.5cm護墊(20片/包)【寶雅】愛康 抗菌 護墊,99元,https://tw.mall.yahoo.com/item/p0052132238002,50,銷售件數：3
寶雅,2017-06-04 12:11:22,慢拾光/手沖式不鏽鋼咖啡濾杯【寶雅】咖啡 手沖,650元,https://tw.mall.yahoo.com/item/p0052126848607,50,銷售件數：1
寶雅,2017-06-04 12:11:23,【買一送一】味覺噗啾雪色蘇打糖條 48g【寶雅】,78元,https://tw.mall.yahoo.com/item/p0052131925830,50,銷售件數：1
寶雅,2017-06-04 12:11:23,麒麟生茶525ml【寶雅】,33元,https://tw.mall.yahoo.com/item/p0052131925823,50,銷售件數：30
寶雅,2017-06-04 12:11:23,統一生機微氣泡綜合果醋(黑醋栗)200ml【寶雅】,29元,https://tw.mall.yahoo.com/item/p0052131925763,50,銷售件數：1
寶雅,2017-06-04 12:11:24,Beanies即溶咖啡(愛爾蘭奶酒風味)50g【寶雅】,175元,https://tw.mall.yahoo.com/item/p0052131925755,50,銷售件數：1
寶雅,2017-06-04 12:11:24,盛香珍蒟蒻小椰果(綜合)420g【寶雅】,39元,https://tw.mall.yahoo.com/item/p0052131925713,50,銷售件數：1
寶雅,2017-06-04 12:11:25,蜂王無患子香皂80gX4入【寶雅】,99元,https://tw.mall.yahoo.com/item/p005277567765,50,銷售件數：1
寶雅,2017-06-04 12:11:25,樂品4合1旅行化妝組【寶雅】,32元,https://tw.mall.yahoo.com/item/p0052132227624,50,銷售件數：1
寶雅,2017-06-04 12:11:25,ALTO艾多曬全效防曬噴霧SPF50+ 75ml【寶雅】,399元,https://tw.mall.yahoo.com/item/p0052129004615,50,銷售件數：2
寶雅,2017-06-04 12:11:26,纖Q好手藝紅豆水30入【寶雅】,265元,https://tw.mall.yahoo.com/item/p0052131925858,50,銷售件數：1
寶雅,2017-06-04 12:11:26,纖體腳踏拉力器【寶雅】纖體 腳踏 拉力,399元,https://tw.mall.yahoo.com/item/p005271484243,50,銷售件數：1
寶雅,2017-06-04 12:11:27,SHILLS很耐曬防曬冰鎮噴霧SPF50+【寶雅】SHILLS 防曬 噴霧,279元,https://tw.mall.yahoo.com/item/p0052127079900,50,銷售件數：1
寶雅,2017-06-04 12:11:27,慢拾光/手沖式不鏽鋼咖啡濾杯【寶雅】咖啡 手沖,650元,https://tw.mall.yahoo.com/item/p0052126848607,50,銷售件數：1
寶雅,2017-06-04 12:11:28,比利時DOMO ELEKTRO電動摩卡壺【寶雅】咖啡,2080元,https://tw.mall.yahoo.com/item/p0052126839571,50,銷售件數：1
寶雅,2017-06-04 12:11:28,【買一送一】DR.WU杏仁酸亮白煥膚精華18% 30ML【寶雅】,1500元,https://tw.mall.yahoo.com/item/p0052123245625,50,銷售件數：1
寶雅,2017-06-04 12:11:29,【買一送一】達特醫杏仁酸去痘調理化妝水120ml【寶雅】杏仁酸 達特醫,648元,https://tw.mall.yahoo.com/item/p0052131789919,50,銷售件數：1
寶雅,2017-06-04 12:11:29,霓淨思藜麥煥膚更新面膜10片【寶雅】霓淨思 N3 面膜,170元,https://tw.mall.yahoo.com/item/p0052119265747,50,銷售件數：1
寶雅,2017-06-04 12:11:30,【買一送一】Dr.FreeVenus藝群#植物神經醯胺精華露#30ml【寶雅】,449元,https://tw.mall.yahoo.com/item/p0052116997061,50,銷售件數：1
寶雅,2017-06-04 12:11:31,三養激辛火辣雞肉風味鐵板炒麵(2倍辣) 140g【寶雅】,39元,https://tw.mall.yahoo.com/item/p0052131925907,50,銷售件數：1
寶雅,2017-06-04 12:11:31,三養火辣雞肉咖哩風味鐵板炒麵 140g【寶雅】,42元,https://tw.mall.yahoo.com/item/p0052131925927,50,銷售件數：1
寶雅,2017-06-04 12:11:32,凱婷零瑕肌密粉餅9.5g(六色任選)【寶雅】凱婷 KATE 零瑕肌密 粉餅,349元,https://tw.mall.yahoo.com/item/p0052132102986,50,銷售件數：1
寶雅,2017-06-04 12:11:32,霓淨思粉刺溶解精華 15ml【寶雅】,520元,https://tw.mall.yahoo.com/item/p0052131794681,50,銷售件數：1
寶雅,2017-06-04 12:11:33,雙層飲料製作杯【寶雅】咖啡 拿鐵 漸層,79元,https://tw.mall.yahoo.com/item/p0052131822753,50,銷售件數：1
寶雅,2017-06-04 12:11:33,我的心機蘆薈修護舒緩水凝膠面膜1入【寶雅】,50元,https://tw.mall.yahoo.com/item/p0052131849438,50,銷售件數：1
寶雅,2017-06-04 12:11:34,我的心機山茶花細緻保濕水凝膠面膜1入【寶雅】,50元,https://tw.mall.yahoo.com/item/p0052131849440,50,銷售件數：1
寶雅,2017-06-04 12:11:34,Shelim高效保濕精華面膜-維生素25ml【寶雅】,11元,https://tw.mall.yahoo.com/item/p0052131849445,50,銷售件數：1
寶雅,2017-06-04 12:11:35,Shelim高效保濕精華面膜#蝸牛25ml【寶雅】,11元,https://tw.mall.yahoo.com/item/p0052131849447,50,銷售件數：1
寶雅,2017-06-04 12:11:36,Lotus雙顯防水電子石英錶-四款任選【寶雅】手錶 30米 防水 日本機芯 運動錶 兩時區 鬧鈴 碼錶 LCD,688元,https://tw.mall.yahoo.com/item/p0052132064603,50,銷售件數：1
寶雅,2017-06-04 12:11:37,【買一送一】PushClean卸妝濕紙巾3錠裝【寶雅】,99元,https://tw.mall.yahoo.com/item/p0052131849462,50,銷售件數：1
寶雅,2017-06-04 12:11:37,成功2KG-防滑塑身啞鈴【寶雅】,240元,https://tw.mall.yahoo.com/item/p0052112639195,50,銷售件數：1
寶雅,2017-06-04 12:11:38,達特醫全效控油防曬CC液(潤色)SPF50+++50ml【寶雅】,375元,https://tw.mall.yahoo.com/item/p0052104276929,50,銷售件數：1
寶雅,2017-06-04 12:11:39,Shelim高效保濕精華面膜-蜂王漿25ml【寶雅】,11元,https://tw.mall.yahoo.com/item/p0052131849464,50,銷售件數：1
寶雅,2017-06-04 12:11:40,高彈力行李箱保護套 - 24吋【寶雅】,439元,https://tw.mall.yahoo.com/item/p0052131927730,50,銷售件數：1
寶雅,2017-06-04 12:11:40,【買一送一】味覺噗啾條糖50g(六款任選)【寶雅】UHA,78元,https://tw.mall.yahoo.com/item/p0052121599562,50,銷售件數：6
寶雅,2017-06-04 12:11:41,【買一送一】芙夏妮水水亮澤洗髮乳550ml(清透型)【寶雅】芙夏妮 亮澤 洗髮乳,148元,https://tw.mall.yahoo.com/item/p0052101378028,50,銷售件數：1
寶雅,2017-06-04 12:11:41,Elastine bio 3合一空氣感護髮精華(三款任選)【寶雅】ES,249元,https://tw.mall.yahoo.com/item/p0052131795884,50,銷售件數：2
寶雅,2017-06-04 12:11:42,霓淨思妝前潤色隔離乳SPF50+/***50ml【寶雅】,399元,https://tw.mall.yahoo.com/item/p0052129236032,50,銷售件數：1
寶雅,2017-06-04 12:11:42,高絲曬可皙高效防曬隔離凝露(防水型)100G【寶雅】高絲 曬可皙 防曬 凝露 防水,306元,https://tw.mall.yahoo.com/item/p0052127079927,50,銷售件數：1
寶雅,2017-06-04 12:11:43,澡享沐浴乳1000ml 玫瑰風信子【寶雅】,235元,https://tw.mall.yahoo.com/item/p0052121499381,50,銷售件數：1
寶雅,2017-06-04 12:11:44,澡享男性沐浴乳1000ml雪松白麝香【寶雅】男性,235元,https://tw.mall.yahoo.com/item/p0052129249031,50,銷售件數：1
寶雅,2017-06-04 12:11:44,【買一送一】PSK極緻無瑕煥白精華30ml【寶雅】,980元,https://tw.mall.yahoo.com/item/p0052131784897,50,銷售件數：1
寶雅,2017-06-04 12:11:45,柔綺衣物瞬涼噴霧250ml【寶雅】柔綺 衣物瞬涼 噴霧 涼感 夏天,199元,https://tw.mall.yahoo.com/item/p0052128990119,50,銷售件數：1
寶雅,2017-06-04 12:11:45,【買一送一】芙夏妮水水亮澤潤髮乳550ml【寶雅】芙夏妮 花香5 潤髮,148元,https://tw.mall.yahoo.com/item/p0052101378698,50,銷售件數：3
寶雅,2017-06-04 12:11:45,KOSE 高絲曬可皙高效防曬隔離凝露 SPF50+ 100g【寶雅】,306元,https://tw.mall.yahoo.com/item/p005284145519,50,銷售件數：1
寶雅,2017-06-04 12:11:46,【買一送一】好自在純肌絲薄日用24cm(10片)【寶雅】好自在 日用,99元,https://tw.mall.yahoo.com/item/p0052132294059,50,銷售件數：1
寶雅,2017-06-04 12:11:46,BEAUTYMAKER零油光晶漾持妝氣墊粉餅SPF40(2色任選)【寶雅】氣墊粉餅 新品 kevin,645元,https://tw.mall.yahoo.com/item/p0052131879780,50,銷售件數：1
寶雅,2017-06-04 12:11:46,S855涼感超彈性防曬袖套(2色)【寶雅】防曬袖套推薦 抗uv 涼感,169元,https://tw.mall.yahoo.com/item/p0052125042368,50,銷售件數：1
寶雅,2017-06-04 12:11:47,【買一送一】樂品活性碳醫用口罩5枚【寶雅】樂品 活性碳 口罩,35元,https://tw.mall.yahoo.com/item/p005282120445,50,銷售件數：1
寶雅,2017-06-04 12:11:47,【買一送一】芙夏妮能量嫩白沐浴乳550ml【寶雅】芙夏妮 花香5 嫩白 沐浴乳,148元,https://tw.mall.yahoo.com/item/p0052101388261,50,銷售件數：3
寶雅,2017-06-04 12:11:48,楓葉屋陶瓷咖啡濾器2#4人(兩色任選)【寶雅】,299元,https://tw.mall.yahoo.com/item/p0052124910554,50,銷售件數：1
寶雅,2017-06-04 12:11:48,蜜妮Biore含水防曬保濕水凝乳SPF50 50g【寶雅】,189元,https://tw.mall.yahoo.com/item/p005272704350,50,銷售件數：3
寶雅,2017-06-04 12:11:49,【買一送一】蜂王蜂蜜檸檬草滋養皂80g*4入【寶雅】蜂王 檸檬草 滋養皂,99元,https://tw.mall.yahoo.com/item/p0052123269166,50,銷售件數：1
寶雅,2017-06-04 12:11:49,【買一送一】好自在純肌貼身日夜用28cm(10片)【寶雅】好自在 純肌 日夜用,99元,https://tw.mall.yahoo.com/item/p0052132294568,50,銷售件數：1
寶雅,2017-06-04 12:11:50,DERMAL玫瑰膠原蛋白面膜【寶雅】韓國熱銷,16元,https://tw.mall.yahoo.com/item/p0052108162714,50,銷售件數：1
寶雅,2017-06-04 12:11:50,Ronever藍芽頸掛式耳機麥克風4.0版MOE208(二色任選)【寶雅】藍芽耳機,599元,https://tw.mall.yahoo.com/item/p0052131893294,50,銷售件數：1
寶雅,2017-06-04 12:11:51,日光生活 人體工學美足銼板【寶雅】美足 銼板,69元,https://tw.mall.yahoo.com/item/p0052112452512,50,銷售件數：1
寶雅,2017-06-04 12:11:51,【買一送一】美吾髮卡樂芙泡沫染髮劑50g+50g亞麻棕【寶雅】泡沫 染髮 卡樂芙 美吾髮,259元,https://tw.mall.yahoo.com/item/p0052104258894,50,銷售件數：1
寶雅,2017-06-04 12:11:52,【買一送一】美吾髮卡樂芙泡沫染髮劑50g+50g巧克力棕【寶雅】泡沫 染髮 卡樂芙 美吾髮,259元,https://tw.mall.yahoo.com/item/p0052104258960,50,銷售件數：1
寶雅,2017-06-04 12:11:52,【買一送一】美吾髮卡樂芙泡沫染髮劑50g+50g栗子棕【寶雅】泡沫 染髮 卡樂芙 美吾髮,259元,https://tw.mall.yahoo.com/item/p0052104258903,50,銷售件數：1
寶雅,2017-06-04 12:11:52,香蕉船運動系列防曬乳液SPF50(90ml)【寶雅】,199元,https://tw.mall.yahoo.com/item/p0052103766794,50,銷售件數：1
寶雅,2017-06-04 12:11:53,【買一送一】好自在純肌絲薄日夜用28cm(10片)【寶雅】好自在 日用,99元,https://tw.mall.yahoo.com/item/p0052132295275,50,銷售件數：1
寶雅,2017-06-04 12:11:53,高絲曬可皙高效防曬噴霧(沁涼海洋)50g【寶雅】,262元,https://tw.mall.yahoo.com/item/p0052103766818,50,銷售件數：1
寶雅,2017-06-04 12:11:54,Medimix阿育吠陀美膚皂125g(百年經典)【寶雅】Medimix 印度神皂帆船飯店,65元,https://tw.mall.yahoo.com/item/p0052119919398,50,銷售件數：1
寶雅,2017-06-04 12:11:55,【買一送一】芙夏妮魅力舒活沐浴露550ml【寶雅】芙夏妮 沐浴露,148元,https://tw.mall.yahoo.com/item/p0052110340530,50,銷售件數：3
寶雅,2017-06-04 12:11:55,霓淨思熊果素美白淡斑面膜【寶雅】霓淨思 N3 面膜,170元,https://tw.mall.yahoo.com/item/p0052110225632,50,銷售件數：1
寶雅,2017-06-04 12:11:56,【買一送一】達特醫杏仁酸抗痘潔顏慕斯150ml【寶雅】杏仁酸 達特醫,540元,https://tw.mall.yahoo.com/item/p0052131790806,50,銷售件數：1
寶雅,2017-06-04 12:11:57,快潔適SDC抗菌洗手乳300ml清新柑橘【寶雅】,45元,https://tw.mall.yahoo.com/item/p0052115390003,50,銷售件數：0
寶雅,2017-06-04 12:11:57,曼秀雷敦水潤肌瞬間清爽防曬噴霧(無香料)90【寶雅】,399元,https://tw.mall.yahoo.com/item/p0052131849470,50,銷售件數：0
寶雅,2017-06-04 12:11:58,貝康口腔淨臭噴霧40ml【寶雅】貝康 寵物專用,480元,https://tw.mall.yahoo.com/item/p0052112489688,50,銷售件數：0
寶雅,2017-06-04 12:11:58,PADDY鞋環LED防水警示燈PD-ABL02【寶雅】纖體 健身 運動,179元,https://tw.mall.yahoo.com/item/p0052131886123,50,銷售件數：0
寶雅,2017-06-04 12:11:59,貝康止癢抗菌淨臭香氛150ml【寶雅】貝康 寵物專用,480元,https://tw.mall.yahoo.com/item/p0052112489695,50,銷售件數：0
寶雅,2017-06-04 12:11:59,【買一送一】KAFEN還原酸系列保濕洗髮精250ml-藍【寶雅】保濕 洗髮精 KAFEN 白家綺 還原酸,199元,https://tw.mall.yahoo.com/item/p0052125318881,50,銷售件數：0
寶雅,2017-06-04 12:12:00,CASTELBEL春天緞帶香氛皂200g紫丁香盛開【寶雅】,480元,https://tw.mall.yahoo.com/item/p0052114772320,50,銷售件數：0
寶雅,2017-06-04 12:12:00,貝康柔順亮麗護毛霜220ml【寶雅】貝康 寵物專用,600元,https://tw.mall.yahoo.com/item/p0052112489668,50,銷售件數：0
寶雅,2017-06-04 12:12:01,大王elleair小鴨抗菌濕紙巾攜帶包10抽【寶雅】,59元,https://tw.mall.yahoo.com/item/p0052132232796,50,銷售件數：0
寶雅,2017-06-04 12:12:02,貝康增艷護色洗毛精(紅)330ml【寶雅】貝康 寵物專用,600元,https://tw.mall.yahoo.com/item/p0052112489710,50,銷售件數：0
寶雅,2017-06-04 12:12:05,FB-5 KL韓國進口旋紋粉底刷【寶雅】,269元,https://tw.mall.yahoo.com/item/p0052131879777,50,銷售件數：0
寶雅,2017-06-04 12:12:05,貝康防蚊淨臭香氛150ml【寶雅】貝康 寵物專用,480元,https://tw.mall.yahoo.com/item/p0052112489720,50,銷售件數：0
寶雅,2017-06-04 12:12:06,花王Flair香氛柔軟精花香協奏曲570ml【寶雅】柔軟精 花王 Flair,239元,https://tw.mall.yahoo.com/item/p0052132297795,50,銷售件數：0
寶雅,2017-06-04 12:12:06,貝康柔亮白毛洗毛精330ml【寶雅】貝康 寵物專用,480元,https://tw.mall.yahoo.com/item/p0052112489726,50,銷售件數：0
寶雅,2017-06-04 12:12:06,DF925純銀耳環-三角珍珠【寶雅】耳環,139元,https://tw.mall.yahoo.com/item/p0052132316024,50,銷售件數：0
寶雅,2017-06-04 12:12:07,蜂王枸杞薏仁淨白美肌潔膚皂90g【寶雅】蜂王 淨白 皂,49元,https://tw.mall.yahoo.com/item/p0052114772344,50,銷售件數：0
寶雅,2017-06-04 12:12:07,S855涼感超彈性防曬袖套【寶雅】防曬袖套推薦 抗uv 涼感,169元,https://tw.mall.yahoo.com/item/p0052125042335,50,銷售件數：0
寶雅,2017-06-04 12:12:09,二合一電動美足機【寶雅】,899元,https://tw.mall.yahoo.com/item/p0052121507143,50,銷售件數：0
寶雅,2017-06-04 12:12:10,7天瘦肚子的神奇蔬果汁:每天賣力運動,不如【寶雅】,238元,https://tw.mall.yahoo.com/item/p0052124921066,50,銷售件數：0
寶雅,2017-06-04 12:12:10,【買一送一】黎可詩蓮花舒紋緊緻眼霜15ml【寶雅】,1180元,https://tw.mall.yahoo.com/item/p0052126754952,50,銷售件數：0
寶雅,2017-06-04 12:12:10,S784抗UV防曬護指袖套(6色)【寶雅】防曬袖套推薦 抗uv 護指,279元,https://tw.mall.yahoo.com/item/p0052125042357,50,銷售件數：0
寶雅,2017-06-04 12:12:11,快潔適SDC抗菌洗手乳300ml天然草本【寶雅】,45元,https://tw.mall.yahoo.com/item/p0052115389835,50,銷售件數：0
寶雅,2017-06-04 12:12:12,Hello Kitty噴瓶75ml-愛心/蝴蝶/抱抱-款式隨機【寶雅】HELLO KITTY 旅行 噴瓶,49元,https://tw.mall.yahoo.com/item/p0052123443521,50,銷售件數：0
寶雅,2017-06-04 12:12:12,大魚吃小魚-KOSMOS德國知名桌遊【寶雅】大魚吃小魚 桌遊,350元,https://tw.mall.yahoo.com/item/p0052101290924,50,銷售件數：0
寶雅,2017-06-04 12:12:12,愛迪達男用制汗香體滾珠-品味透涼40ml【寶雅】adidas 止汗 香體滾珠,99元,https://tw.mall.yahoo.com/item/p0052124828280,50,銷售件數：0
寶雅,2017-06-04 12:12:13,【買一送一】霓淨思玻尿酸控油持妝乳50ml【寶雅】保濕 霓淨思 玻尿酸,850元,https://tw.mall.yahoo.com/item/p0052126769022,50,銷售件數：0
寶雅,2017-06-04 12:12:13,愛迪達男用制汗香體滾珠(典藏魅力)40ML【寶雅】adidas 止汗 香體滾珠,99元,https://tw.mall.yahoo.com/item/p0052124828285,50,銷售件數：0
寶雅,2017-06-04 12:12:14,愛迪達男用制汗香體滾珠-青春活力40ml【寶雅】adidas 止汗 香體滾珠,99元,https://tw.mall.yahoo.com/item/p0052124828291,50,銷售件數：0
寶雅,2017-06-04 12:12:14,S782抗UV防曬護指加長蓋肩袖套(3色)【寶雅】防曬袖套推薦 抗uv 護指,279元,https://tw.mall.yahoo.com/item/p0052125042379,50,銷售件數：0
寶雅,2017-06-04 12:12:15,愛迪達男用制汗香體滾珠-清新冰氛40ml【寶雅】adidas 止汗 香體滾珠,99元,https://tw.mall.yahoo.com/item/p0052124828299,50,銷售件數：0
寶雅,2017-06-04 12:12:15,愛迪達男用制汗香體滾珠(極限挑戰)40ml【寶雅】adidas 止汗 香體滾珠,99元,https://tw.mall.yahoo.com/item/p0052124828298,50,銷售件數：0
寶雅,2017-06-04 12:12:16,貝康止癢抗菌淨臭香氛150ml【寶雅】貝康 寵物專用,480元,https://tw.mall.yahoo.com/item/p0052112489695,50,銷售件數：0
寶雅,2017-06-04 12:12:16,不鏽鋼女孩項鍊-愛心吊牌【寶雅】簡約 時尚 項鍊 不鏽鋼  愛心 送禮 推薦,299元,https://tw.mall.yahoo.com/item/p0052124849532,50,銷售件數：0
寶雅,2017-06-04 12:12:17,貝康增艷護色洗毛精(紅)330ml【寶雅】貝康 寵物專用,600元,https://tw.mall.yahoo.com/item/p0052112489710,50,銷售件數：0
寶雅,2017-06-04 12:12:17,貝康防蚊淨臭香氛150ml【寶雅】貝康 寵物專用,480元,https://tw.mall.yahoo.com/item/p0052112489720,50,銷售件數：0
寶雅,2017-06-04 12:12:18,RUE 金宇彬單片面膜25ml-3款任選【寶雅】,108元,https://tw.mall.yahoo.com/item/p0052112528223,50,銷售件數：0
寶雅,2017-06-04 12:12:18,SMS濾氯去除氯沐浴器(內含濾心)【寶雅】,1344元,https://tw.mall.yahoo.com/item/p0052110317799,50,銷售件數：0
寶雅,2017-06-04 12:12:19,Le Pichet 舒活抗屑調理洗髮精500ml【寶雅】Le Pichet  抗屑 洗髮精,219元,https://tw.mall.yahoo.com/item/p0052104258797,50,銷售件數：0
寶雅,2017-06-04 12:12:19,【買一送一】黎可詩蓮花舒紋緊緻眼霜15ml【寶雅】,1180元,https://tw.mall.yahoo.com/item/p0052126754952,50,銷售件數：0
寶雅,2017-06-04 12:12:20,7天瘦肚子的神奇蔬果汁:每天賣力運動,不如【寶雅】,238元,https://tw.mall.yahoo.com/item/p0052124921066,50,銷售件數：0
寶雅,2017-06-04 12:12:20,高彈力行李箱保護套 - 20吋【寶雅】,369元,https://tw.mall.yahoo.com/item/p0052131927521,50,銷售件數：0
寶雅,2017-06-04 12:12:21,FB-5 KL韓國進口旋紋粉底刷【寶雅】,269元,https://tw.mall.yahoo.com/item/p0052131879777,50,銷售件數：0
寶雅,2017-06-04 12:12:21,不鏽鋼女孩項鍊-V型【寶雅】簡約 時尚 項鍊 不鏽鋼  V型 送禮 推薦,299元,https://tw.mall.yahoo.com/item/p0052124850051,50,銷售件數：0
寶雅,2017-06-04 12:12:22,曼秀雷敦SKINAQUA水潤肌美白水感防曬露80g【寶雅】,229元,https://tw.mall.yahoo.com/item/p0052103766733,50,銷售件數：0
寶雅,2017-06-04 12:12:22,手指陀螺-三圓-款式隨機【寶雅】指尖陀螺,129元,https://tw.mall.yahoo.com/item/p0052130398188,50,銷售件數：0
寶雅,2017-06-04 12:12:22,DF925純銀耳環-三角珍珠【寶雅】耳環,139元,https://tw.mall.yahoo.com/item/p0052132316024,50,銷售件數：0
寶雅,2017-06-04 12:12:22,【買一送一】霓淨思玻尿酸控油持妝乳50ml【寶雅】保濕 霓淨思 玻尿酸,850元,https://tw.mall.yahoo.com/item/p0052126769022,50,銷售件數：0
寶雅,2017-06-04 12:12:23,CASTELBEL春天緞帶香氛皂200g小蒼蘭&梨子【寶雅】,480元,https://tw.mall.yahoo.com/item/p0052114772314,50,銷售件數：0
寶雅,2017-06-04 12:12:23,愛迪達男用制汗香體滾珠-品味透涼40ml【寶雅】adidas 止汗 香體滾珠,99元,https://tw.mall.yahoo.com/item/p0052124828280,50,銷售件數：0
寶雅,2017-06-04 12:12:24,愛迪達男用制汗香體滾珠(典藏魅力)40ML【寶雅】adidas 止汗 香體滾珠,99元,https://tw.mall.yahoo.com/item/p0052124828285,50,銷售件數：0
寶雅,2017-06-04 12:12:25,愛迪達男用制汗香體滾珠(極限挑戰)40ml【寶雅】adidas 止汗 香體滾珠,99元,https://tw.mall.yahoo.com/item/p0052124828298,50,銷售件數：0
寶雅,2017-06-04 12:12:26,愛迪達男用制汗香體滾珠-清新冰氛40ml【寶雅】adidas 止汗 香體滾珠,99元,https://tw.mall.yahoo.com/item/p0052124828299,50,銷售件數：0
寶雅,2017-06-04 12:12:27,愛迪達女用制汗香體滾珠(美白潔淨)40ML【寶雅】adidas 止汗 香體滾珠,99元,https://tw.mall.yahoo.com/item/p0052124828307,50,銷售件數：0
寶雅,2017-06-04 12:12:27,愛迪達男用制汗香體滾珠-青春活力40ml【寶雅】adidas 止汗 香體滾珠,99元,https://tw.mall.yahoo.com/item/p0052124828291,50,銷售件數：0
寶雅,2017-06-04 12:12:28,曼秀雷敦水潤肌瞬間清爽防曬噴霧50g【寶雅】,249元,https://tw.mall.yahoo.com/item/p0052105994229,50,銷售件數：0
寶雅,2017-06-04 12:12:28,愛迪達男用制汗香體滾珠-運動勁能40ml【寶雅】adidas 止汗 香體滾珠,99元,https://tw.mall.yahoo.com/item/p0052124828305,50,銷售件數：0
寶雅,2017-06-04 12:12:29,愛迪達女用制汗香體滾珠(美白清爽)40ML【寶雅】adidas 止汗 香體滾珠,99元,https://tw.mall.yahoo.com/item/p0052124828317,50,銷售件數：0
寶雅,2017-06-04 12:12:29,愛迪達女用制汗香體滾珠(美白柔膚)40ML【寶雅】adidas 止汗 香體滾珠,99元,https://tw.mall.yahoo.com/item/p0052124828320,50,銷售件數：0
寶雅,2017-06-04 12:12:30,愛迪達男用制汗香體滾珠-強效制汗40ml【寶雅】adidas 止汗 香體滾珠,99元,https://tw.mall.yahoo.com/item/p0052124828326,50,銷售件數：0
寶雅,2017-06-04 12:12:30,高絲高效防曬噴霧(清新柑橘)50g【寶雅】日本 防曬噴霧 kose,262元,https://tw.mall.yahoo.com/item/p0052124828347,50,銷售件數：0
寶雅,2017-06-04 12:12:31,【買一送一】美吾髮卡樂芙泡沫染髮劑50g+50g甜美杏桃棕【寶雅】泡沫 染髮 卡樂芙 美吾髮,259元,https://tw.mall.yahoo.com/item/p0052104258889,50,銷售件數：0
寶雅,2017-06-04 12:12:31,愛迪達女用6效合一長效制汗爽身滾珠40ML【寶雅】adidas 止汗 爽身滾珠,99元,https://tw.mall.yahoo.com/item/p0052124828354,50,銷售件數：0
寶雅,2017-06-04 12:12:32,愛迪達男用6效合一長效制汗爽身滾珠40ml【寶雅】adidas 止汗 爽身滾珠,99元,https://tw.mall.yahoo.com/item/p0052124828360,50,銷售件數：0
寶雅,2017-06-04 12:12:32,日光生活 精細美足銼板【寶雅】美足 銼板,69元,https://tw.mall.yahoo.com/item/p0052112452504,50,銷售件數：0
寶雅,2017-06-04 12:12:32,三詩達DO波浪型超潔淨牙刷-軟性-顏色隨機出貨【寶雅】SUNSTAR 牙刷,55元,https://tw.mall.yahoo.com/item/p0052132202878,50,銷售件數：0
寶雅,2017-06-04 12:12:33,愛迪達女用動能香氛長效制汗滾珠40ML【寶雅】,99元,https://tw.mall.yahoo.com/item/p0052103766849,50,銷售件數：0
寶雅,2017-06-04 12:12:34,1028 控油柔焦氣墊粉餅【寶雅】,579元,https://tw.mall.yahoo.com/item/p0052131879781,50,銷售件數：0
寶雅,2017-06-04 12:12:34,不鏽鋼女孩項鍊-鈕扣【寶雅】簡約 時尚 項鍊 不鏽鋼  鈕扣 送禮 推薦,299元,https://tw.mall.yahoo.com/item/p0052124850770,50,銷售件數：0
寶雅,2017-06-04 12:12:35,美吾髮快速染#自然褐6(補充包)40gm*2支【寶雅】,139元,https://tw.mall.yahoo.com/item/p005287366103,50,銷售件數：0
寶雅,2017-06-04 12:12:35,Hello Kitty 壓瓶75ml-愛心/蝴蝶/抱抱-款式隨機【寶雅】HELLO KITTY 旅行 壓瓶,49元,https://tw.mall.yahoo.com/item/p0052123443889,50,銷售件數：0
寶雅,2017-06-04 12:12:36,日光生活 不銹鋼美足銼板【寶雅】美足 銼板,69元,https://tw.mall.yahoo.com/item/p0052112452508,50,銷售件數：0
寶雅,2017-06-04 12:12:36,不鏽鋼女孩項鍊-圓形【寶雅】簡約 時尚 項鍊 不鏽鋼  圓形 送禮 推薦,299元,https://tw.mall.yahoo.com/item/p0052124851164,50,銷售件數：0
寶雅,2017-06-04 12:12:37,筋膜線按摩伸展書：沿著6條筋膜線，找出真【寶雅】,306元,https://tw.mall.yahoo.com/item/p0052124922219,50,銷售件數：0
寶雅,2017-06-04 12:12:37,【買一送一】蕾妮亞舒膚Free超極薄日用一般量多22.5cm(16片)【寶雅】蕾妮亞 舒膚Free 日用 超極薄,158元,https://tw.mall.yahoo.com/item/p0052132296100,50,銷售件數：0
寶雅,2017-06-04 12:12:37,桌遊 池塘躲貓貓 -魔磁隨身遊戲【寶雅】桌遊  魔磁 遊戲,450元,https://tw.mall.yahoo.com/item/p0052110409735,50,銷售件數：0
寶雅,2017-06-04 12:12:38,桌遊 蟲蟲捉迷藏-魔磁隨身遊戲【寶雅】,450元,https://tw.mall.yahoo.com/item/p0052110409740,50,銷售件數：0
寶雅,2017-06-04 12:12:38,Hello Kitty 噴瓶100ml-愛心/蝴蝶/抱抱-款式隨機【寶雅】HELLO KITTY 旅行 噴瓶,49元,https://tw.mall.yahoo.com/item/p0052123441880,50,銷售件數：0
寶雅,2017-06-04 12:12:39,歌林20W亮度炫彩觸控護眼檯燈【寶雅】,1580元,https://tw.mall.yahoo.com/item/p0052119426525,50,銷售件數：0
寶雅,2017-06-04 12:12:39,不鏽鋼女孩項鍊-雙圓【寶雅】簡約 時尚 項鍊 不鏽鋼  送禮 推薦,299元,https://tw.mall.yahoo.com/item/p0052124852049,50,銷售件數：0
寶雅,2017-06-04 12:12:40,愛迪達男用制汗香體滾珠-品味透涼40ml【寶雅】adidas 止汗 香體滾珠,99元,https://tw.mall.yahoo.com/item/p0052124828280,50,銷售件數：0
寶雅,2017-06-04 12:12:40,霓淨思淨瑕勻白精華30ml【寶雅】C+ 光感超淨白,720元,https://tw.mall.yahoo.com/item/p0052124889090,50,銷售件數：0
寶雅,2017-06-04 12:12:41,大魚吃小魚-KOSMOS德國知名桌遊【寶雅】大魚吃小魚 桌遊,350元,https://tw.mall.yahoo.com/item/p0052101290924,50,銷售件數：0
寶雅,2017-06-04 12:12:42,【買一送一】黎可詩蓮花舒紋緊緻眼霜15ml【寶雅】,1180元,https://tw.mall.yahoo.com/item/p0052126754952,50,銷售件數：0
寶雅,2017-06-04 12:12:42,高絲曬可皙高效防曬隔離凝露SPF50+ 100g【寶雅】,306元,https://tw.mall.yahoo.com/item/p0052105994260,50,銷售件數：0
寶雅,2017-06-04 12:12:42,韓國Bogyung面紙60抽6包入-款式隨機【寶雅】,89元,https://tw.mall.yahoo.com/item/p0052132229552,50,銷售件數：0
寶雅,2017-06-04 12:12:43,韓國YEEHYUN紙膠帶NO:MST-01【寶雅】韓國 紙膠帶 手作,45元,https://tw.mall.yahoo.com/item/p0052132153967,50,銷售件數：0
寶雅,2017-06-04 12:12:44,MENTHOLATUM曼秀雷敦 水潤肌瞬間清爽防曬露40g【寶雅】,229元,https://tw.mall.yahoo.com/item/p0052111902900,50,銷售件數：0
寶雅,2017-06-04 12:12:45,修腳美足工具3件套【寶雅】夏天 修腳 美足,199元,https://tw.mall.yahoo.com/item/p0052101366062,50,銷售件數：0
寶雅,2017-06-04 12:12:46,達特醫全效控油防曬隔離液(白色)SPF50+++50【寶雅】,375元,https://tw.mall.yahoo.com/item/p0052104276925,50,銷售件數：0
寶雅,2017-06-04 12:12:47,愛迪達男用制汗香體滾珠(典藏魅力)40ML【寶雅】adidas 止汗 香體滾珠,99元,https://tw.mall.yahoo.com/item/p0052124828285,50,銷售件數：0
寶雅,2017-06-04 12:12:48,成功粉彩瘦身跳繩【寶雅】瘦身 跳繩,153元,https://tw.mall.yahoo.com/item/p0052106016180,50,銷售件數：0
寶雅,2017-06-04 12:12:48,DERMAL熊果素美白緊實面膜【寶雅】韓國熱銷,16元,https://tw.mall.yahoo.com/item/p0052108162918,50,銷售件數：0
寶雅,2017-06-04 12:12:49,霓淨思毛孔深層清潔泥100ml【寶雅】霓淨思,640元,https://tw.mall.yahoo.com/item/p0052131794853,50,銷售件數：0
寶雅,2017-06-04 12:12:49,CASTELBEL情書系列香氛皂200g山竹果【寶雅】,480元,https://tw.mall.yahoo.com/item/p0052114772356,50,銷售件數：0
寶雅,2017-06-04 12:12:50,CASTELBEL情書系列香氛皂200g洋梨花【寶雅】,480元,https://tw.mall.yahoo.com/item/p0052114772362,50,銷售件數：0
寶雅,2017-06-04 12:12:51,CASTELBEL春天緞帶香氛皂200g茉莉&荷花【寶雅】,480元,https://tw.mall.yahoo.com/item/p0052114772381,50,銷售件數：0
寶雅,2017-06-04 12:12:52,CASTELBEL情書系列香氛皂200g檸檬羅勒【寶雅】,480元,https://tw.mall.yahoo.com/item/p0052114772369,50,銷售件數：0
寶雅,2017-06-04 12:12:52,蜂王艾草山藥保濕美肌潔膚皂90g【寶雅】蜂王 保濕 皂,49元,https://tw.mall.yahoo.com/item/p0052114772384,50,銷售件數：0
寶雅,2017-06-04 12:12:53,手指陀螺-三圓-款式隨機【寶雅】指尖陀螺,129元,https://tw.mall.yahoo.com/item/p0052130398188,50,銷售件數：0
寶雅,2017-06-04 12:12:53,DF925純銀耳環-三角珍珠【寶雅】耳環,139元,https://tw.mall.yahoo.com/item/p0052132316024,50,銷售件數：0
寶雅,2017-06-04 12:12:53,愛迪達男用6效合一長效制汗爽身滾珠40ml【寶雅】adidas 止汗 爽身滾珠,99元,https://tw.mall.yahoo.com/item/p0052124828360,50,銷售件數：0
寶雅,2017-06-04 12:12:54,ES BiO黃金蜂膠護髮精華油80ml染燙款【寶雅】,299元,https://tw.mall.yahoo.com/item/p0052121499380,50,銷售件數：0
寶雅,2017-06-04 12:12:54,纖體拉力帶【寶雅】,129元,https://tw.mall.yahoo.com/item/p0052106016186,50,銷售件數：0
寶雅,2017-06-04 12:12:55,韓國啵樂樂乳酸飲料235ml(四款任選)【寶雅】,37元,https://tw.mall.yahoo.com/item/p005271287942,50,銷售件數：0
寶雅,2017-06-04 12:12:55,成功粉彩計數跳繩【寶雅】纖體 健身 跳繩,224元,https://tw.mall.yahoo.com/item/p0052106016192,50,銷售件數：0
寶雅,2017-06-04 12:12:56,纖體扭扭盤【寶雅】纖體 扭扭盤,299元,https://tw.mall.yahoo.com/item/p005272624291,50,銷售件數：0
寶雅,2017-06-04 12:12:57,蜜妮Biore含水防曬美白水凝露 90ml【寶雅】,189元,https://tw.mall.yahoo.com/item/p005272704084,50,銷售件數：0
寶雅,2017-06-04 12:12:57,貝康柔順亮麗護毛霜220ml【寶雅】貝康 寵物專用,600元,https://tw.mall.yahoo.com/item/p0052112489668,50,銷售件數：0
寶雅,2017-06-04 12:12:58,【買一送一】樂品醫用口罩5枚(婦幼適用)【寶雅】,25元,https://tw.mall.yahoo.com/item/p005282119663,50,銷售件數：0
寶雅,2017-06-04 12:12:58,貝康貓犬專用耳朵清潔液60ml【寶雅】貝康 寵物專用,380元,https://tw.mall.yahoo.com/item/p0052112489651,50,銷售件數：0
寶雅,2017-06-04 12:12:59,貝康增艷護色洗毛精(黑)330ml【寶雅】貝康 寵物專用,600元,https://tw.mall.yahoo.com/item/p0052112489654,50,銷售件數：0
寶雅,2017-06-04 12:12:59,美吾髮快速染#自然褐6(補充包)40gm*2支【寶雅】,139元,https://tw.mall.yahoo.com/item/p005287366103,50,銷售件數：0
寶雅,2017-06-04 12:13:00,美吾髮快速染#自然栗4(補充包)40gm*2支【寶雅】,139元,https://tw.mall.yahoo.com/item/p005287366073,50,銷售件數：0
寶雅,2017-06-04 12:13:00,貝康造型蓬鬆護毛霜220ml【寶雅】貝康 寵物專用,600元,https://tw.mall.yahoo.com/item/p0052112489680,50,銷售件數：0
寶雅,2017-06-04 12:13:01,【買一送一】蕾妮亞舒膚Free超薄日用量多加長25cm10片【寶雅】/ 蕾妮亞 舒膚Free 超薄 日用 量多,110元,https://tw.mall.yahoo.com/item/p005295076183,50,銷售件數：0
寶雅,2017-06-04 12:13:01,若水粧 白金Q10植萃緊顏精華 30mL【寶雅】若水粧 精華 Q10,699元,https://tw.mall.yahoo.com/item/p0052131789306,50,銷售件數：0
寶雅,2017-06-04 12:13:02,蜜妮Biore含水防曬亮采裸粧霜33g【寶雅】/防曬 美白 裸粧 保濕,219元,https://tw.mall.yahoo.com/item/p005281991354,50,銷售件數：0
寶雅,2017-06-04 12:13:02,貝康口腔淨臭噴霧40ml【寶雅】貝康 寵物專用,480元,https://tw.mall.yahoo.com/item/p0052112489688,50,銷售件數：0
寶雅,2017-06-04 12:13:03,美吾髮快速染#深栗5(補充包)40gm*2支【寶雅】,139元,https://tw.mall.yahoo.com/item/p005287366083,50,銷售件數：0
寶雅,2017-06-04 12:13:03,MG PU 24吋胖胖球棒套組【寶雅】樂樂棒球,339元,https://tw.mall.yahoo.com/item/p005281972630,50,銷售件數：0
寶雅,2017-06-04 12:13:04,古寶無患子檸檬馬鞭草抗菌洗手乳330g【寶雅】,99元,https://tw.mall.yahoo.com/item/p005291174420,50,銷售件數：0
寶雅,2017-06-04 12:13:05,小橄欖樹草本極致超柔香皂100g(四款任選)【寶雅】小橄欖樹 草本 香皂,109元,https://tw.mall.yahoo.com/item/p005289872003,50,銷售件數：0
寶雅,2017-06-04 12:13:06,興太太草本平衡SPA香皂150g(3款任選)【寶雅】泰國香皂,148元,https://tw.mall.yahoo.com/item/p0052123274484,50,銷售件數：0
寶雅,2017-06-04 12:13:07,古寶無患子小黃瓜蘆薈抗菌洗手乳330g【寶雅】,99元,https://tw.mall.yahoo.com/item/p005291174152,50,銷售件數：0
寶雅,2017-06-04 12:13:08,愛迪達男用制汗香體滾珠-青春活力40ml【寶雅】adidas 止汗 香體滾珠,99元,https://tw.mall.yahoo.com/item/p0052124828291,50,銷售件數：0
寶雅,2017-06-04 12:13:08,貝康控油除臭乾洗噴霧25g【寶雅】貝康 寵物專用,600元,https://tw.mall.yahoo.com/item/p0052112489730,50,銷售件數：0
寶雅,2017-06-04 12:13:09,纖體仰臥起坐輔助器-門扣式【寶雅】纖體 運動 仰臥起坐,199元,https://tw.mall.yahoo.com/item/p005279516720,50,銷售件數：0
寶雅,2017-06-04 12:13:09,美吾髮快速染#自然黑褐7(補充包)40gm*2支【寶雅】,139元,https://tw.mall.yahoo.com/item/p005287366118,50,銷售件數：0
寶雅,2017-06-04 12:13:10,愛迪達男用制汗香體滾珠(極限挑戰)40ml【寶雅】adidas 止汗 香體滾珠,99元,https://tw.mall.yahoo.com/item/p0052124828298,50,銷售件數：0
寶雅,2017-06-04 12:13:10,韓國進口典藏玫瑰金蜜粉刷【寶雅】MHB-B5 KL,315元,https://tw.mall.yahoo.com/item/p0052131879786,50,銷售件數：0
寶雅,2017-06-04 12:13:11,男士美源簡單一按染髮霜40g+40g-4色任選【寶雅】,380元,https://tw.mall.yahoo.com/item/p0052123260628,50,銷售件數：0
寶雅,2017-06-04 12:13:11,Hello Kitty噴瓶75ml-愛心/蝴蝶/抱抱-款式隨機【寶雅】HELLO KITTY 旅行 噴瓶,49元,https://tw.mall.yahoo.com/item/p0052123443521,50,銷售件數：0
寶雅,2017-06-04 12:13:12,【買一送一】霓淨思玻尿酸保濕面膜6pc【寶雅】,600元,https://tw.mall.yahoo.com/item/p0052121483361,50,銷售件數：0
寶雅,2017-06-04 12:13:13,【買一送一】樂品醫用口罩5枚-成人【寶雅】口罩 PM2.5 霧霾 樂品 成人,25元,https://tw.mall.yahoo.com/item/p0052127060635,50,銷售件數：0
寶雅,2017-06-04 12:13:14,ES BiO黃金蜂膠護髮精華油80ml染燙款【寶雅】,299元,https://tw.mall.yahoo.com/item/p0052121499380,50,銷售件數：0
寶雅,2017-06-04 12:13:15,Hello Kitty 壓瓶75ml-愛心/蝴蝶/抱抱-款式隨機【寶雅】HELLO KITTY 旅行 壓瓶,49元,https://tw.mall.yahoo.com/item/p0052123443889,50,銷售件數：0
寶雅,2017-06-04 12:13:16,貝康增艷護色洗毛精(紅)330ml【寶雅】貝康 寵物專用,600元,https://tw.mall.yahoo.com/item/p0052112489710,50,銷售件數：0
寶雅,2017-06-04 12:13:16,貝康防蚊淨臭香氛150ml【寶雅】貝康 寵物專用,480元,https://tw.mall.yahoo.com/item/p0052112489720,50,銷售件數：0
寶雅,2017-06-04 12:13:17,台鹽 黃金魚子潤澤面膜 5入【寶雅】台鹽 面膜 潤澤,299元,https://tw.mall.yahoo.com/item/p0052131795138,50,銷售件數：0
寶雅,2017-06-04 12:13:17,貝康問題皮膚專用洗毛精330ml【寶雅】貝康 寵物專用,480元,https://tw.mall.yahoo.com/item/p0052112489736,50,銷售件數：0
寶雅,2017-06-04 12:13:18,貝康柔亮白毛洗毛精330ml【寶雅】貝康 寵物專用,480元,https://tw.mall.yahoo.com/item/p0052112489726,50,銷售件數：0
寶雅,2017-06-04 12:13:18,可愛罐裝膠帶組【寶雅】,59元,https://tw.mall.yahoo.com/item/p0052131892374,50,銷售件數：0
寶雅,2017-06-04 12:13:20,MS3861蒂巴蕾運動機能健走襪【寶雅】,83元,https://tw.mall.yahoo.com/item/p0052131913875,50,銷售件數：0
寶雅,2017-06-04 12:13:20,MS3865蒂巴蕾運動機能慢跑襪【寶雅】,83元,https://tw.mall.yahoo.com/item/p0052131913879,50,銷售件數：0
寶雅,2017-06-04 12:13:21,合金手指陀螺-三圓-款式隨機【寶雅】指尖陀螺 鋁合金,259元,https://tw.mall.yahoo.com/item/p0052130399182,50,銷售件數：0
寶雅,2017-06-04 12:13:22,美源花果香快速染髮霜-9色任選【寶雅】染髮 美源,218元,https://tw.mall.yahoo.com/item/p0052126812152,50,銷售件數：0
寶雅,2017-06-04 12:13:23,Kyowa耳掛式咖啡紙 【寶雅】 咖啡 濾紙,45元,https://tw.mall.yahoo.com/item/p0052131808977,50,銷售件數：0
寶雅,2017-06-04 12:13:24,Hello Kitty 噴瓶100ml-愛心/蝴蝶/抱抱-款式隨機【寶雅】HELLO KITTY 旅行 噴瓶,49元,https://tw.mall.yahoo.com/item/p0052123441880,50,銷售件數：0
寶雅,2017-06-04 12:13:24,DIY緞帶卡3米#5(100cm*3入)【寶雅】緞帶 手作,46元,https://tw.mall.yahoo.com/item/p0052132164004,50,銷售件數：0
寶雅,2017-06-04 12:13:25,霓淨思水感全效防曬乳 SPF50+/***50ml【寶雅】,399元,https://tw.mall.yahoo.com/item/p0052129236021,50,銷售件數：0
寶雅,2017-06-04 12:13:25,霓淨思純物理舒緩防曬乳 SPF50+/***50ml【寶雅】,399元,https://tw.mall.yahoo.com/item/p0052129236023,50,銷售件數：0
寶雅,2017-06-04 12:13:26,霓淨思瞬涼防曬噴霧SPF50+/***50ml【寶雅】,399元,https://tw.mall.yahoo.com/item/p0052129236030,50,銷售件數：0
寶雅,2017-06-04 12:13:26,貝康控油除臭洗毛精330ml【寶雅】貝康 寵物專用,480元,https://tw.mall.yahoo.com/item/p0052112489742,50,銷售件數：0
寶雅,2017-06-04 12:13:27,MS-21351W(女寶藍)瑪榭舒適萊卡透氣襪【寶雅】,55元,https://tw.mall.yahoo.com/item/p0052131913883,50,銷售件數：0
寶雅,2017-06-04 12:13:28,【買一送一】好自在純肌貼身日用24cm(10片)【寶雅】好自在 日用,99元,https://tw.mall.yahoo.com/item/p0052132294251,50,銷售件數：0
寶雅,2017-06-04 12:13:29,【LoyoLa】蔬果烘乾機(共5層)(HL-1020)【寶雅】水果 乾 乾燥花 肉乾 天然 DIY,1680元,https://tw.mall.yahoo.com/item/p0052123285771,50,銷售件數：0
寶雅,2017-06-04 12:13:29,極勁節能涼感巾(4028)-大-藍紅綠三款任選【寶雅】運動巾,219元,https://tw.mall.yahoo.com/item/p0052132109317,50,銷售件數：0
寶雅,2017-06-04 12:13:30,NESTI DANTE 義大利手工皂250g快樂貝比【寶雅】NESTI DANTE 義大利,249元,https://tw.mall.yahoo.com/item/p0052131805110,50,銷售件數：0
寶雅,2017-06-04 12:13:30,福可肩頸舒壓按摩滾輪【寶雅】,59元,https://tw.mall.yahoo.com/item/p0052121507623,50,銷售件數：0
寶雅,2017-06-04 12:13:31,福可美腿塑身按摩器【寶雅】塑身 美腿 按摩,69元,https://tw.mall.yahoo.com/item/p0052121507858,50,銷售件數：0
寶雅,2017-06-04 12:13:31,蜂王純淨果油潤膚茶皂80g*4入【寶雅】蜂王 茶皂,99元,https://tw.mall.yahoo.com/item/p0052121499387,50,銷售件數：0
寶雅,2017-06-04 12:13:31,蜂王純淨胚芽潤膚米皂80g*4入【寶雅】肥皂 蜂王,99元,https://tw.mall.yahoo.com/item/p0052121499390,50,銷售件數：0
寶雅,2017-06-04 12:13:32,OMORY 手動式雙面磨腳皮器-附搓刀【寶雅】,199元,https://tw.mall.yahoo.com/item/p0052124913554,50,銷售件數：0
寶雅,2017-06-04 12:13:32,貝康抗蚤制菌全效洗毛精330ml【寶雅】貝康 寵物專用,480元,https://tw.mall.yahoo.com/item/p0052112489756,50,銷售件數：0
寶雅,2017-06-04 12:13:33,muva 瑜珈美體雙享組【寶雅】,206元,https://tw.mall.yahoo.com/item/p0052108150480,50,銷售件數：0
寶雅,2017-06-04 12:13:34,【買一送一】蕾妮亞舒膚Free夜用40cm【寶雅】,140元,https://tw.mall.yahoo.com/item/p0052108150453,50,銷售件數：0
寶雅,2017-06-04 12:13:34,【買一送一】妮傲絲翠高效Neotec淨顏水漾卸妝液200ml【寶雅】Neotec 卸妝,750元,https://tw.mall.yahoo.com/item/p0052126760847,50,銷售件數：0
寶雅,2017-06-04 12:13:35,大王elleair抗菌濕紙巾攜帶包-加強版10抽【寶雅】,59元,https://tw.mall.yahoo.com/item/p0052132232422,50,銷售件數：0
寶雅,2017-06-04 12:13:35,成功路跑用手機臂套(四色任選)【寶雅】運動 路跑,149元,https://tw.mall.yahoo.com/item/p0052131887071,50,銷售件數：0
寶雅,2017-06-04 12:13:36,愛迪達男用制汗香體滾珠-清新冰氛40ml【寶雅】adidas 止汗 香體滾珠,99元,https://tw.mall.yahoo.com/item/p0052124828299,50,銷售件數：0
寶雅,2017-06-04 12:13:36,MS-21351W(女鐵灰)瑪榭舒適萊卡透氣襪【寶雅】,55元,https://tw.mall.yahoo.com/item/p0052131913884,50,銷售件數：0
寶雅,2017-06-04 12:13:37,台菱 吸入捕蚊燈(迷你)USB【寶雅】,599元,https://tw.mall.yahoo.com/item/p0052124915286,50,銷售件數：0
寶雅,2017-06-04 12:13:38,FB-5 KL韓國進口旋紋粉底刷【寶雅】,269元,https://tw.mall.yahoo.com/item/p0052131879777,50,銷售件數：0
寶雅,2017-06-04 12:13:38,1028 控油柔焦氣墊粉餅【寶雅】,579元,https://tw.mall.yahoo.com/item/p0052131879781,50,銷售件數：0
寶雅,2017-06-04 12:13:39,PADDY 電擊捕蚊燈6W【寶雅】,899元,https://tw.mall.yahoo.com/item/p0052124915441,50,銷售件數：0
寶雅,2017-06-04 12:13:39,手機防水運動腰包(二色任選)【寶雅】運動 路跑 防水,179元,https://tw.mall.yahoo.com/item/p0052131887268,50,銷售件數：0
寶雅,2017-06-04 12:13:40,Medimix阿育吠陀美膚皂125g(香白美肌)【寶雅】Medimix 印度神皂帆船飯店,65元,https://tw.mall.yahoo.com/item/p0052119919955,50,銷售件數：0
寶雅,2017-06-04 12:13:41,NESTI DANTE 義大利手工皂250g快樂貝比【寶雅】NESTI DANTE 義大利,249元,https://tw.mall.yahoo.com/item/p0052131805110,50,銷售件數：0
寶雅,2017-06-04 12:13:41,【買一送一】妮傲絲翠高效Neotec淨顏水漾卸妝液200ml【寶雅】Neotec 卸妝,750元,https://tw.mall.yahoo.com/item/p0052126760847,50,銷售件數：0
寶雅,2017-06-04 12:13:42,【買一送一】美吾髮卡樂芙泡沫染髮劑50g+50g甜美杏桃棕【寶雅】泡沫 染髮 卡樂芙 美吾髮,259元,https://tw.mall.yahoo.com/item/p0052104258889,50,銷售件數：0
寶雅,2017-06-04 12:13:42,足球門帳棚組(含球.打氣筒)【寶雅】,640元,https://tw.mall.yahoo.com/item/p0052124918846,50,銷售件數：0
寶雅,2017-06-04 12:13:43,【買一送一】美吾髮卡樂芙泡沫染髮劑50g+50g甜摩卡棕【寶雅】泡沫 染髮 卡樂芙 美吾髮,259元,https://tw.mall.yahoo.com/item/p0052104258891,50,銷售件數：0
寶雅,2017-06-04 12:13:43,美吾髮快速染#自然黑褐7(補充包)40gm*2支【寶雅】,139元,https://tw.mall.yahoo.com/item/p005287366118,50,銷售件數：0
寶雅,2017-06-04 12:13:44,Le Pichet 舒活抗屑調理洗髮精500ml【寶雅】Le Pichet  抗屑 洗髮精,219元,https://tw.mall.yahoo.com/item/p0052104258797,50,銷售件數：0
寶雅,2017-06-04 12:13:44,1週跳3天,2週瘦1圈!驚人的燃脂跳繩減肥操:1【寶雅】,254元,https://tw.mall.yahoo.com/item/p0052124919450,50,銷售件數：0
寶雅,2017-06-04 12:13:44,Le Pichet 養護蓬鬆強韌洗髮精500ml【寶雅】Le Pichet  洗髮精 強韌,219元,https://tw.mall.yahoo.com/item/p0052104258803,50,銷售件數：0
寶雅,2017-06-04 12:13:44,貝康控油除臭洗毛精330ml【寶雅】貝康 寵物專用,480元,https://tw.mall.yahoo.com/item/p0052112489742,50,銷售件數：0
寶雅,2017-06-04 12:13:45,桌遊 IQ XO排列大挑戰  SMART GAMES【寶雅】,450元,https://tw.mall.yahoo.com/item/p0052123291643,50,銷售件數：0
寶雅,2017-06-04 12:13:45,Biore淨嫩沐浴乳1000ml(九款任選)【寶雅】Biore 沐浴乳,139元,https://tw.mall.yahoo.com/item/p0052104258953,50,銷售件數：0
寶雅,2017-06-04 12:13:46,non-no螢光麻花運動胸衣(4色任選)(L-XL)(M-L)【寶雅】,239元,https://tw.mall.yahoo.com/item/p0052108178110,50,銷售件數：0
寶雅,2017-06-04 12:13:46,日本激落除菌清潔用濕紙巾24枚入【寶雅】,69元,https://tw.mall.yahoo.com/item/p0052132231865,50,銷售件數：0
寶雅,2017-06-04 12:13:47,5分鐘空檔減重!輕肌力運動:專業健身教練獨【寶雅】,298元,https://tw.mall.yahoo.com/item/p0052124919810,50,銷售件數：0
寶雅,2017-06-04 12:13:47,我的心機火山死海泥漿泡泡面膜5入【寶雅】,299元,https://tw.mall.yahoo.com/item/p0052103766796,50,銷售件數：0
寶雅,2017-06-04 12:13:48,3天斷糖[圖解實踐版]:日本名醫的斷糖食譜大【寶雅】,238元,https://tw.mall.yahoo.com/item/p0052124920045,50,銷售件數：0
寶雅,2017-06-04 12:13:48,高絲高效防曬噴霧50g【寶雅】防曬 噴霧 高絲,262元,https://tw.mall.yahoo.com/item/p0052103766813,50,銷售件數：0
寶雅,2017-06-04 12:13:49,曼秀雷敦SKINAQUA水潤肌美白水感防曬露80g【寶雅】,229元,https://tw.mall.yahoo.com/item/p0052103766733,50,銷售件數：0
寶雅,2017-06-04 12:13:49,蜜妮Biore含水防曬美白水凝露 90ml【寶雅】,189元,https://tw.mall.yahoo.com/item/p005272704084,50,銷售件數：0
寶雅,2017-06-04 12:13:50,益智疊疊樂【寶雅】疊疊樂 桌遊 玩具,149元,https://tw.mall.yahoo.com/item/p0052104268938,50,銷售件數：0
寶雅,2017-06-04 12:13:50,歌林20W亮度炫彩觸控護眼檯燈【寶雅】,1580元,https://tw.mall.yahoo.com/item/p0052119426525,50,銷售件數：0
寶雅,2017-06-04 12:13:51,咖啡濾杯【寶雅】咖啡 濾杯,55元,https://tw.mall.yahoo.com/item/p0052114776484,50,銷售件數：0
寶雅,2017-06-04 12:13:51,鍋寶摩卡壺-6人份【寶雅】贈瓦斯爐母子爐架,990元,https://tw.mall.yahoo.com/item/p0052114776523,50,銷售件數：0
寶雅,2017-06-04 12:13:52,Kyowa咖啡濾紙1~2人(55枚)【寶雅】,49元,https://tw.mall.yahoo.com/item/p0052114776533,50,銷售件數：0
寶雅,2017-06-04 12:13:52,花式奶泡咖啡拉花模具16件入【寶雅】,99元,https://tw.mall.yahoo.com/item/p0052114776531,50,銷售件數：0
寶雅,2017-06-04 12:13:52,古寶無患子玉容活膚晶100g【寶雅】古寶 無患子 活膚晶,129元,https://tw.mall.yahoo.com/item/p0052105844679,50,銷售件數：0
寶雅,2017-06-04 12:13:53,古寶無患子蜂王乳蜂蜜活膚晶100g【寶雅】古寶 無患子 活膚晶,129元,https://tw.mall.yahoo.com/item/p0052105844694,50,銷售件數：0
寶雅,2017-06-04 12:13:53,古寶無患子玫瑰玉容皂活膚晶100g【寶雅】古寶 無患子 活膚晶,129元,https://tw.mall.yahoo.com/item/p0052105844702,50,銷售件數：0
寶雅,2017-06-04 12:13:53,DP7865蒂巴蕾運動機能慢跑襪【寶雅】,83元,https://tw.mall.yahoo.com/item/p0052131913887,50,銷售件數：0
寶雅,2017-06-04 12:13:54,DP7861蒂巴蕾運動機能健走襪【寶雅】,83元,https://tw.mall.yahoo.com/item/p0052131913889,50,銷售件數：0
寶雅,2017-06-04 12:13:55,MS3860蒂巴蕾運動機能氣墊襪【寶雅】,83元,https://tw.mall.yahoo.com/item/p0052131913888,50,銷售件數：0
寶雅,2017-06-04 12:13:56,MS-21351M(男軍綠)瑪榭舒適萊卡透氣襪【寶雅】,55元,https://tw.mall.yahoo.com/item/p0052131913891,50,銷售件數：0
寶雅,2017-06-04 12:13:57,MS-21351W(女紅)瑪榭舒適萊卡透氣襪【寶雅】,55元,https://tw.mall.yahoo.com/item/p0052131913893,50,銷售件數：0
寶雅,2017-06-04 12:13:59,MS-21351W(女梅紅)瑪榭舒適萊卡透氣襪【寶雅】,55元,https://tw.mall.yahoo.com/item/p0052131913894,50,銷售件數：0
寶雅,2017-06-04 12:14:00,【買一送一】霓淨思杏葡酸肌光煥采精華30ml【寶雅】,1500元,https://tw.mall.yahoo.com/item/p0052126760129,50,銷售件數：0
寶雅,2017-06-04 12:14:00,MS-21351M(男淺灰)瑪榭舒適萊卡透氣襪【寶雅】,55元,https://tw.mall.yahoo.com/item/p0052131913895,50,銷售件數：0
寶雅,2017-06-04 12:14:01,MS-21351M(男黑)瑪榭舒適萊卡透氣襪【寶雅】,55元,https://tw.mall.yahoo.com/item/p0052131913897,50,銷售件數：0
寶雅,2017-06-04 12:14:02,MS-21351W(女深紫)瑪榭舒適萊卡透氣襪【寶雅】,55元,https://tw.mall.yahoo.com/item/p0052131913896,50,銷售件數：0
寶雅,2017-06-04 12:14:03,大王elleair抗菌濕紙巾攜帶包-加強版10抽【寶雅】,59元,https://tw.mall.yahoo.com/item/p0052132232422,50,銷售件數：0
寶雅,2017-06-04 12:14:04,V075-纖體健身夾【寶雅】,299元,https://tw.mall.yahoo.com/item/p0052114790014,50,銷售件數：0
寶雅,2017-06-04 12:14:05,泰國OMO White Plus彩虹皂100g【寶雅】泰國香皂 彩虹皂,89元,https://tw.mall.yahoo.com/item/p0052123270803,50,銷售件數：0
寶雅,2017-06-04 12:14:05,茶山房艾草香茅皂100g【寶雅】香茅皂 艾草 茶山房,180元,https://tw.mall.yahoo.com/item/p0052109396635,50,銷售件數：0
寶雅,2017-06-04 12:14:06,逸萱秀修護系列美型抗蓬亂洗髮乳750ml【寶雅】逸萱秀 抗蓬亂 洗髮乳,149元,https://tw.mall.yahoo.com/item/p0052109396637,50,銷售件數：0
寶雅,2017-06-04 12:14:06,逸萱秀修護系列美型抗蓬亂潤髮乳750ml【寶雅】逸萱秀 修護 美型 抗蓬亂 潤髮乳,149元,https://tw.mall.yahoo.com/item/p0052109396646,50,銷售件數：0
寶雅,2017-06-04 12:14:07,茶山房茶樹皂100g【寶雅】茶樹皂 茶山房,180元,https://tw.mall.yahoo.com/item/p0052109396896,50,銷售件數：0
寶雅,2017-06-04 12:14:07,茶山房綠茶皂100g【寶雅】茶山房 綠茶皂,180元,https://tw.mall.yahoo.com/item/p0052109396905,50,銷售件數：0
寶雅,2017-06-04 12:14:08,茶山房清新柑橘皂100g【寶雅】柑橘皂 茶山房,180元,https://tw.mall.yahoo.com/item/p0052109396911,50,銷售件數：0
寶雅,2017-06-04 12:14:08,【買一送一】蜂王黑砂糖香皂80g*4入【寶雅】,99元,https://tw.mall.yahoo.com/item/p0052109396981,50,銷售件數：0
寶雅,2017-06-04 12:14:09,【買一送一】芙夏妮靚采瑩嫩沐浴露550ml【寶雅】芙夏妮 沐浴露,148元,https://tw.mall.yahoo.com/item/p0052110340354,50,銷售件數：0
寶雅,2017-06-04 12:14:09,【買一送一】KAFEN還原酸系列深層護髮素(黃)250ml【寶雅】KAFEN 白家綺 還原酸 護髮,199元,https://tw.mall.yahoo.com/item/p0052125318504,50,銷售件數：0
寶雅,2017-06-04 12:14:10,桌遊 IQ 圍城大挑戰 SMART GAMES【寶雅】,450元,https://tw.mall.yahoo.com/item/p0052123292063,50,銷售件數：0
寶雅,2017-06-04 12:14:10,泰國OMO White Plus藍寶石煥白皂100g【寶雅】泰國香皂,129元,https://tw.mall.yahoo.com/item/p0052123270944,50,銷售件數：0
寶雅,2017-06-04 12:14:11,泰國興太太阿婆香皂160g【寶雅】泰國香皂 Madame Heng,108元,https://tw.mall.yahoo.com/item/p0052123271158,50,銷售件數：0
寶雅,2017-06-04 12:14:12,On the body秘密誘惑香水香皂90g【寶雅】韓國 On the body 秀智 香皂,59元,https://tw.mall.yahoo.com/item/p0052119325376,50,銷售件數：0
寶雅,2017-06-04 12:14:12,慢拾光/手沖式不鏽鋼咖啡組【寶雅】咖啡 手沖,950元,https://tw.mall.yahoo.com/item/p0052126848890,50,銷售件數：0
寶雅,2017-06-04 12:14:13,絲蘊精油養護染髮系列2P優雅珍珠紅【寶雅】,289元,https://tw.mall.yahoo.com/item/p0052119325392,50,銷售件數：0
寶雅,2017-06-04 12:14:13,炫豔護髮染髮40mlG4魅惑酒紅【寶雅】,169元,https://tw.mall.yahoo.com/item/p0052119325449,50,銷售件數：0
寶雅,2017-06-04 12:14:14,On the body愛戀香氛香水香皂90g【寶雅】秀智 On the body 香皂,59元,https://tw.mall.yahoo.com/item/p0052119325464,50,銷售件數：0
寶雅,2017-06-04 12:14:14,跳跳猴大挑戰【寶雅】,849元,https://tw.mall.yahoo.com/item/p0052112640919,50,銷售件數：0
寶雅,2017-06-04 12:14:15,UNO遊戲卡【寶雅】,249元,https://tw.mall.yahoo.com/item/p0052112640924,50,銷售件數：0
寶雅,2017-06-04 12:14:15,粉紅豬小妹 聰明疊疊樂【寶雅】,234元,https://tw.mall.yahoo.com/item/p0052112640920,50,銷售件數：0
寶雅,2017-06-04 12:14:16,【 法國桌神 Gigamic】Quixo Pocket 你推我擠口袋版【寶雅】,590元,https://tw.mall.yahoo.com/item/p0052112640931,50,銷售件數：0
寶雅,2017-06-04 12:14:16,聰明疊疊樂 冰雪奇緣【寶雅】,234元,https://tw.mall.yahoo.com/item/p0052112640929,50,銷售件數：0
寶雅,2017-06-04 12:14:17,聰明疊疊樂 CARS【寶雅】,234元,https://tw.mall.yahoo.com/item/p0052112640935,50,銷售件數：0
寶雅,2017-06-04 12:14:17,福可瘦腰推脂按摩器【寶雅】,69元,https://tw.mall.yahoo.com/item/p0052121508947,50,銷售件數：0
寶雅,2017-06-04 12:14:18,【買一送一】樂品醫用口罩5枚(婦幼適用)【寶雅】,25元,https://tw.mall.yahoo.com/item/p005282119663,50,銷售件數：0
寶雅,2017-06-04 12:14:18,桌遊 IQ 大連線 SMART GAMES【寶雅】,450元,https://tw.mall.yahoo.com/item/p0052123292832,50,銷售件數：0
寶雅,2017-06-04 12:14:18,沙宣32毫米陶瓷捲髮夾VSCD95W【寶雅】沙宣 陶瓷 捲髮夾,1380元,https://tw.mall.yahoo.com/item/p0052123437057,50,銷售件數：0
寶雅,2017-06-04 12:14:18,若水粧 白金Q10全效生物纖維面膜 3PCS【寶雅】若水粧 面膜,488元,https://tw.mall.yahoo.com/item/p0052131788354,50,銷售件數：0
寶雅,2017-06-04 12:14:19,NESTI DANTE 義大利手工皂250g紅豔奢華【寶雅】NESTI DANTE 義大利,249元,https://tw.mall.yahoo.com/item/p0052131804905,50,銷售件數：0
寶雅,2017-06-04 12:14:19,Hello Kitty噴瓶50ml-愛心/蝴蝶/抱抱-款式隨機【寶雅】HELLO KITTY 旅行 噴瓶,49元,https://tw.mall.yahoo.com/item/p0052123443187,50,銷售件數：0
寶雅,2017-06-04 12:14:20,貝康控油除臭乾洗噴霧25g【寶雅】貝康 寵物專用,600元,https://tw.mall.yahoo.com/item/p0052112489730,50,銷售件數：0
寶雅,2017-06-04 12:14:21,筋膜線按摩伸展書：沿著6條筋膜線，找出真【寶雅】,306元,https://tw.mall.yahoo.com/item/p0052124922219,50,銷售件數：0
寶雅,2017-06-04 12:14:21,Performance x-bike X2000騎馬機健身車 【寶雅】,5850元,https://tw.mall.yahoo.com/item/p0052123456237,50,銷售件數：0
寶雅,2017-06-04 12:14:22,PADDY環臂帶LED防水警示燈PD-ABL01【寶雅】纖體 健身 運動,179元,https://tw.mall.yahoo.com/item/p0052131886034,50,銷售件數：0
寶雅,2017-06-04 12:14:22,日本M&B無漂白濾咖啡紙 1-2入 55枚【寶雅】無漂白 咖啡 濾紙,54元,https://tw.mall.yahoo.com/item/p0052126834508,50,銷售件數：0
寶雅,2017-06-04 12:14:23,尋秘單色密碼行李箱束帶【寶雅】行李箱 束帶,149元,https://tw.mall.yahoo.com/item/p0052116951947,50,銷售件數：0
寶雅,2017-06-04 12:14:23,繽紛純色彈力行李箱束帶【寶雅】行李箱 束帶,189元,https://tw.mall.yahoo.com/item/p0052116952223,50,銷售件數：0
寶雅,2017-06-04 12:14:24,秘境安全防盜包【寶雅】旅行 腰包,129元,https://tw.mall.yahoo.com/item/p0052116952381,50,銷售件數：0
寶雅,2017-06-04 12:14:24,悠閒貼身隱密腰包【寶雅】旅行 腰包,199元,https://tw.mall.yahoo.com/item/p0052116952448,50,銷售件數：0
寶雅,2017-06-04 12:14:25,歐美桌遊超級媬姆【寶雅】,390元,https://tw.mall.yahoo.com/item/p0052124917456,50,銷售件數：0
寶雅,2017-06-04 12:14:25,MS-21351W(女淺灰)瑪榭舒適萊卡透氣襪【寶雅】,55元,https://tw.mall.yahoo.com/item/p0052131913899,50,銷售件數：0
寶雅,2017-06-04 12:14:26,non-no彩棉拉鍊胸衣(3色任選)【寶雅】nonno 拉鍊 運動胸衣,259元,https://tw.mall.yahoo.com/item/p0052117217714,50,銷售件數：0
寶雅,2017-06-04 12:14:27,若水粧 白金Q10植萃亮采精華乳 50ml【寶雅】若水粧 精華乳 Q10,599元,https://tw.mall.yahoo.com/item/p0052131788786,50,銷售件數：0
寶雅,2017-06-04 12:14:27,若水粧 白金Q10植萃活顏化粧水 150mL【寶雅】若水粧 化妝水 Q10,599元,https://tw.mall.yahoo.com/item/p0052131789039,50,銷售件數：0
寶雅,2017-06-04 12:14:28,【買一送一】蕾妮亞舒膚Free超極薄日用量多加長25cm(15片)【寶雅】蕾妮亞 舒膚Free 量多 超極薄,158元,https://tw.mall.yahoo.com/item/p0052132296421,50,銷售件數：0
寶雅,2017-06-04 12:14:28,我想跟著名醫這樣吃,半年瘦10公斤:日本獨創【寶雅】,238元,https://tw.mall.yahoo.com/item/p0052124921985,50,銷售件數：0
寶雅,2017-06-04 12:14:28,霓淨思玻尿酸保濕原液30ml【寶雅】保濕 玻尿酸 原液 霓淨思,1650元,https://tw.mall.yahoo.com/item/p0052119265727,50,銷售件數：0
寶雅,2017-06-04 12:14:29,貝康問題皮膚專用洗毛精330ml【寶雅】貝康 寵物專用,480元,https://tw.mall.yahoo.com/item/p0052112489736,50,銷售件數：0
寶雅,2017-06-04 12:14:29,DF925純銀耳環-鋯石芭蕾女孩【寶雅】耳環,179元,https://tw.mall.yahoo.com/item/p0052132316616,50,銷售件數：0
寶雅,2017-06-04 12:14:30,美源花果香快速染髮霜-9色任選【寶雅】染髮 美源,218元,https://tw.mall.yahoo.com/item/p0052126812152,50,銷售件數：0
寶雅,2017-06-04 12:14:30,Kor Nava Filter隨身濾水瓶650ml(三色任選)【寶雅】,880元,https://tw.mall.yahoo.com/item/p0052131819629,50,銷售件數：0
寶雅,2017-06-04 12:14:30,專為華人設計的終極核心訓練:高醫運動醫學【寶雅】瘦身 書 核心訓練,254元,https://tw.mall.yahoo.com/item/p0052127363933,50,銷售件數：0
寶雅,2017-06-04 12:14:31,纖體仰臥起坐輔助器-門扣式【寶雅】纖體 運動 仰臥起坐,199元,https://tw.mall.yahoo.com/item/p005279516720,50,銷售件數：0
寶雅,2017-06-04 12:14:31,貝康止癢抗菌淨臭香氛150ml【寶雅】貝康 寵物專用,480元,https://tw.mall.yahoo.com/item/p0052112489695,50,銷售件數：0
寶雅,2017-06-04 12:14:32,【買一送一】CureCare潤澤活顏精華水 200ml【寶雅】,980元,https://tw.mall.yahoo.com/item/p0052126762409,50,銷售件數：0
寶雅,2017-06-04 12:14:32,歌林LED捕蚊燈【寶雅】歌林 捕蚊燈 LED 寶雅獨家,458元,https://tw.mall.yahoo.com/item/p0052126843813,50,銷售件數：0
寶雅,2017-06-04 12:14:33,MS-21351M(男藍綠)瑪榭舒適萊卡透氣襪【寶雅】,55元,https://tw.mall.yahoo.com/item/p0052131913898,50,銷售件數：0
寶雅,2017-06-04 12:14:34,MS-21351W(女紫)瑪榭舒適萊卡透氣襪【寶雅】,55元,https://tw.mall.yahoo.com/item/p0052131913902,50,銷售件數：0
寶雅,2017-06-04 12:14:35,瑪榭舒適萊卡透氣襪-男-丈【寶雅】MS-21351M,55元,https://tw.mall.yahoo.com/item/p0052131913908,50,銷售件數：0
寶雅,2017-06-04 12:14:36,MS-21351M(男土藍)瑪榭舒適萊卡透氣襪【寶雅】,55元,https://tw.mall.yahoo.com/item/p0052131913910,50,銷售件數：0
寶雅,2017-06-04 12:14:37,MS-21351M(男白)瑪榭舒適萊卡透氣襪【寶雅】,55元,https://tw.mall.yahoo.com/item/p0052131913911,50,銷售件數：0
寶雅,2017-06-04 12:14:38,MS-21351M(男紅)瑪榭舒適萊卡透氣襪【寶雅】,55元,https://tw.mall.yahoo.com/item/p0052131913914,50,銷售件數：0
寶雅,2017-06-04 12:14:39,MS-21351M(男寶藍)瑪榭舒適萊卡透氣襪【寶雅】,55元,https://tw.mall.yahoo.com/item/p0052131913918,50,銷售件數：0
寶雅,2017-06-04 12:14:40,MS-21351M(男鐵灰)瑪榭舒適萊卡透氣襪【寶雅】,55元,https://tw.mall.yahoo.com/item/p0052131913928,50,銷售件數：0
寶雅,2017-06-04 12:14:41,瑪榭舒適萊卡透氣襪-女-丈【寶雅】MS-21351W,55元,https://tw.mall.yahoo.com/item/p0052131913929,50,銷售件數：0
寶雅,2017-06-04 12:14:42,MS-21351W(女白)瑪榭舒適萊卡透氣襪【寶雅】,55元,https://tw.mall.yahoo.com/item/p0052131913930,50,銷售件數：0
寶雅,2017-06-04 12:14:42,MS-21351W(女黑)瑪榭舒適萊卡透氣襪【寶雅】,55元,https://tw.mall.yahoo.com/item/p0052131913935,50,銷售件數：0
寶雅,2017-06-04 12:14:43,MS-21351W(女藍綠)瑪榭舒適萊卡透氣襪【寶雅】,55元,https://tw.mall.yahoo.com/item/p0052131913940,50,銷售件數：0
寶雅,2017-06-04 12:14:45,1028 控油柔焦氣墊粉餅【寶雅】,579元,https://tw.mall.yahoo.com/item/p0052131879781,50,銷售件數：0
寶雅,2017-06-04 12:14:45,鍋寶電動磨豆機【寶雅】鍋寶 咖啡 磨豆機,790元,https://tw.mall.yahoo.com/item/p0052126836467,50,銷售件數：0
寶雅,2017-06-04 12:14:46,真空保溫濾茶咖啡壺組【寶雅】咖啡,1080元,https://tw.mall.yahoo.com/item/p0052126837422,50,銷售件數：0
寶雅,2017-06-04 12:14:46,鍋寶義式濃縮咖啡機【寶雅】鍋寶 咖啡 義式,1480元,https://tw.mall.yahoo.com/item/p0052126837834,50,銷售件數：0
寶雅,2017-06-04 12:14:47,慢拾光/冰滴咖啡壺組【寶雅】咖啡 冰滴,890元,https://tw.mall.yahoo.com/item/p0052126848207,50,銷售件數：0
寶雅,2017-06-04 12:14:47,MHB-B2 KL韓國進口典藏玫瑰金遮瑕刷【寶雅】,159元,https://tw.mall.yahoo.com/item/p0052131879782,50,銷售件數：0
寶雅,2017-06-04 12:14:48,蜜妮Biore含水防曬亮采裸粧霜33g【寶雅】/防曬 美白 裸粧 保濕,219元,https://tw.mall.yahoo.com/item/p005281991354,50,銷售件數：0
寶雅,2017-06-04 12:14:48,好餓的毛毛蟲遊戲卡(改裝)【寶雅】桌遊,250元,https://tw.mall.yahoo.com/item/p0052126856701,50,銷售件數：0
寶雅,2017-06-04 12:14:49,歐美桌遊堆比思中文版 Dweebies【寶雅】桌遊,390元,https://tw.mall.yahoo.com/item/p0052126858844,50,銷售件數：0
寶雅,2017-06-04 12:14:49,歐美桌遊醜娃娃:八寶的餅乾中文版 UGLYDOLL【寶雅】桌遊,390元,https://tw.mall.yahoo.com/item/p0052126857367,50,銷售件數：0
寶雅,2017-06-04 12:14:49,NESTI DANTE 義大利手工皂250g玫瑰牡丹【寶雅】NESTI DANTE 義大利,249元,https://tw.mall.yahoo.com/item/p0052131804795,50,銷售件數：0
寶雅,2017-06-04 12:14:50,成功可調強度防滑握力器【寶雅】纖體 運動 握力,209元,https://tw.mall.yahoo.com/item/p0052126859456,50,銷售件數：0
寶雅,2017-06-04 12:14:50,SHILLS很耐曬防曬冰鎮噴霧SPF50+ 180ml【寶雅】SHILLS 防曬 噴霧,259元,https://tw.mall.yahoo.com/item/p0052127079886,50,銷售件數：0
寶雅,2017-06-04 12:14:51,CLOVER 火山灰溫和去角質皂 80g【寶雅】CLOVER 去角質皂 火山灰,59元,https://tw.mall.yahoo.com/item/p0052127079889,50,銷售件數：0
寶雅,2017-06-04 12:14:51,高絲曬可皙高效防曬噴霧(極效防水型)50G【寶雅】高絲 曬可皙 防曬 噴霧 防水,289元,https://tw.mall.yahoo.com/item/p0052127079892,50,銷售件數：0
寶雅,2017-06-04 12:14:52,CLOVER 保濕洗顏皂 80g【寶雅】CLOVER 保濕 洗顏皂,59元,https://tw.mall.yahoo.com/item/p0052127079908,50,銷售件數：0
寶雅,2017-06-04 12:14:52,極勁節能涼感巾4029-小-藍紅綠三款任選【寶雅】運動巾,129元,https://tw.mall.yahoo.com/item/p0052132109078,50,銷售件數：0
寶雅,2017-06-04 12:14:53,Kyowa耳掛式咖啡紙 【寶雅】 咖啡 濾紙,45元,https://tw.mall.yahoo.com/item/p0052131808977,50,銷售件數：0
寶雅,2017-06-04 12:14:53,高絲曬可皙高效防曬隔離凝露(極效防水型)【寶雅】高絲 曬可皙 防曬 凝露 極效防水,333元,https://tw.mall.yahoo.com/item/p0052127328012,50,銷售件數：0
寶雅,2017-06-04 12:14:54,DF925純銀耳環-鋯石閃亮【寶雅】耳環,219元,https://tw.mall.yahoo.com/item/p0052132318347,50,銷售件數：0
寶雅,2017-06-04 12:14:54,日本最強體型矯正師教你：3分鐘重整核心肌【寶雅】瘦身 書 矯正 核心肌,238元,https://tw.mall.yahoo.com/item/p0052127363335,50,銷售件數：0
寶雅,2017-06-04 12:14:55,[E．Heart](涼感顯瘦款)高透氣抗UV防曬外套-L(5色)【寶雅】E．Heart  防曬 外套 涼感 顯瘦,499元,https://tw.mall.yahoo.com/item/p0052128861200,50,銷售件數：0
寶雅,2017-06-04 12:14:55,[E．Heart](涼感顯瘦款)高透氣抗UV防曬外套-M(5色)【寶雅】E．Heart  防曬 外套 涼感 顯瘦,499元,https://tw.mall.yahoo.com/item/p0052128861780,50,銷售件數：0
寶雅,2017-06-04 12:14:56,美源花果香快速染髮霜-9色任選【寶雅】染髮 美源,218元,https://tw.mall.yahoo.com/item/p0052126812152,50,銷售件數：0
寶雅,2017-06-04 12:14:56,韓國進口典藏玫瑰金蜜粉刷【寶雅】MHB-B5 KL,315元,https://tw.mall.yahoo.com/item/p0052131879786,50,銷售件數：0
寶雅,2017-06-04 12:14:57,手指陀螺-三葉-款式隨機【寶雅】指尖陀螺,129元,https://tw.mall.yahoo.com/item/p0052130397230,50,銷售件數：0
寶雅,2017-06-04 12:14:57,三詩達DO波浪型超潔淨牙刷-中性-顏色隨機出貨【寶雅】SUNSTAR 牙刷,55元,https://tw.mall.yahoo.com/item/p0052132202125,50,銷售件數：0
寶雅,2017-06-04 12:14:58,成功路跑用手機臂套(四色任選)【寶雅】運動 路跑,149元,https://tw.mall.yahoo.com/item/p0052131887071,50,銷售件數：0
寶雅,2017-06-04 12:14:58,Hello Batty蒟蒻果園350g【寶雅】,59元,https://tw.mall.yahoo.com/item/p0052131925697,50,銷售件數：0
寶雅,2017-06-04 12:14:59,晶晶心型椰果蒟蒻400g【寶雅】,42元,https://tw.mall.yahoo.com/item/p0052131925698,50,銷售件數：0
寶雅,2017-06-04 12:14:59,Kettle薄切洋芋片(蜂蜜芥末)56g【寶雅】,59元,https://tw.mall.yahoo.com/item/p0052131925702,50,銷售件數：0
寶雅,2017-06-04 12:15:00,紅牛蔓越莓風味能量飲料250ml【寶雅】,52元,https://tw.mall.yahoo.com/item/p0052131925706,50,銷售件數：0
寶雅,2017-06-04 12:15:01,Kettle波浪洋芋片(胡椒鹽味)56g【寶雅】,59元,https://tw.mall.yahoo.com/item/p0052131925707,50,銷售件數：0
寶雅,2017-06-04 12:15:01,晶晶30%水果凍(綜合)380g【寶雅】,42元,https://tw.mall.yahoo.com/item/p0052131925708,50,銷售件數：0
寶雅,2017-06-04 12:15:01,紅牛無糖能量飲料125ml【寶雅】,52元,https://tw.mall.yahoo.com/item/p0052131925709,50,銷售件數：0
寶雅,2017-06-04 12:15:02,陳老爹原味腰果(80g)【寶雅】,99元,https://tw.mall.yahoo.com/item/p0052131925710,50,銷售件數：0
寶雅,2017-06-04 12:15:02,DYDO世界一無糖黑咖啡275ml【寶雅】,49元,https://tw.mall.yahoo.com/item/p0052131925714,50,銷售件數：0
寶雅,2017-06-04 12:15:03,SMS濾氯去除氯沐浴器替換濾芯【寶雅】,792元,https://tw.mall.yahoo.com/item/p0052110317797,50,銷售件數：0
寶雅,2017-06-04 12:15:03,紅牛能量飲料250ml【寶雅】,52元,https://tw.mall.yahoo.com/item/p0052131925715,50,銷售件數：0
寶雅,2017-06-04 12:15:03,爭鮮蜜桃姬膠原蛋白凍飲180ml【寶雅】,33元,https://tw.mall.yahoo.com/item/p0052131925720,50,銷售件數：0
寶雅,2017-06-04 12:15:04,盛香珍蒟蒻果凍(荔枝)400g【寶雅】,39元,https://tw.mall.yahoo.com/item/p0052131925723,50,銷售件數：0
寶雅,2017-06-04 12:15:04,老虎牙子自然有氧飲料320cc【寶雅】,15元,https://tw.mall.yahoo.com/item/p0052131925721,50,銷售件數：0
寶雅,2017-06-04 12:15:05,PowerBOMB能量飲料225ml【寶雅】,23元,https://tw.mall.yahoo.com/item/p0052131925726,50,銷售件數：0
寶雅,2017-06-04 12:15:05,立夢水果蒟蒻果凍條 5支入【寶雅】,35元,https://tw.mall.yahoo.com/item/p0052131925724,50,銷售件數：0
寶雅,2017-06-04 12:15:06,Hello Betty綜合蒟蒻條400g【寶雅】,39元,https://tw.mall.yahoo.com/item/p0052131925732,50,銷售件數：0
寶雅,2017-06-04 12:15:07,Beanies即溶咖啡(榛果風味)50g【寶雅】,175元,https://tw.mall.yahoo.com/item/p0052131925727,50,銷售件數：0
寶雅,2017-06-04 12:15:08,HAITAI 可可粒椰子香桃汁 240ml【寶雅】,29元,https://tw.mall.yahoo.com/item/p0052131925734,50,銷售件數：0
寶雅,2017-06-04 12:15:09,歐美桌遊 迴轉壽司 Sushi Go!【寶雅】桌遊,349元,https://tw.mall.yahoo.com/item/p0052131884443,50,銷售件數：0
寶雅,2017-06-04 12:15:09,成功KITTY炫彩跳繩/1【寶雅】纖體 健身 跳繩,69元,https://tw.mall.yahoo.com/item/p0052131884646,50,銷售件數：0
寶雅,2017-06-04 12:15:10,爭鮮蘋果果醋140g【寶雅】,19元,https://tw.mall.yahoo.com/item/p0052131925744,50,銷售件數：0
寶雅,2017-06-04 12:15:12,Beanies即溶咖啡(香草風味)50g【寶雅】,175元,https://tw.mall.yahoo.com/item/p0052131925737,50,銷售件數：0
寶雅,2017-06-04 12:15:13,味丹多喝水600ml【寶雅】,10元,https://tw.mall.yahoo.com/item/p0052131925741,50,銷售件數：0
寶雅,2017-06-04 12:15:14,Beanies即溶咖啡(巧克力風味)50g【寶雅】,175元,https://tw.mall.yahoo.com/item/p0052131925746,50,銷售件數：0
寶雅,2017-06-04 12:15:14,爭鮮葡萄果醋140g【寶雅】,19元,https://tw.mall.yahoo.com/item/p0052131925747,50,銷售件數：0
寶雅,2017-06-04 12:15:15,Beanies即溶咖啡(香橙巧克力風味)50g【寶雅】,175元,https://tw.mall.yahoo.com/item/p0052131925748,50,銷售件數：0
寶雅,2017-06-04 12:15:15,舒跑鹼性水850ml【寶雅】,18元,https://tw.mall.yahoo.com/item/p0052131925749,50,銷售件數：0
寶雅,2017-06-04 12:15:15,爭鮮日式煎茶600ml【寶雅】,19元,https://tw.mall.yahoo.com/item/p0052131925750,50,銷售件數：0
寶雅,2017-06-04 12:15:16,花王New Beads Neo濃縮洗衣精400g【寶雅】濃縮洗衣精 花王 New Beads Neo,215元,https://tw.mall.yahoo.com/item/p0052132434886,50,銷售件數：0
寶雅,2017-06-04 12:15:16,統一生機微氣泡綜合果醋(熱帶水果)200ml【寶雅】,29元,https://tw.mall.yahoo.com/item/p0052131925757,50,銷售件數：0
寶雅,2017-06-04 12:15:17,Volvic富維克礦泉水500ml【寶雅】,29元,https://tw.mall.yahoo.com/item/p0052131925756,50,銷售件數：0
寶雅,2017-06-04 12:15:17,貝康抗蚤制菌全效洗毛精330ml【寶雅】貝康 寵物專用,480元,https://tw.mall.yahoo.com/item/p0052112489756,50,銷售件數：0
寶雅,2017-06-04 12:15:18,法國 evian天然礦泉水500ml【寶雅】,35元,https://tw.mall.yahoo.com/item/p0052131925764,50,銷售件數：0
寶雅,2017-06-04 12:15:19,麒麟檸檬紅茶500ml【寶雅】,33元,https://tw.mall.yahoo.com/item/p0052131925813,50,銷售件數：0
寶雅,2017-06-04 12:15:19,NAIPIS KAROMIS乳酸菌飲料290ml【寶雅】,19元,https://tw.mall.yahoo.com/item/p0052131925815,50,銷售件數：0
寶雅,2017-06-04 12:15:20,麒麟午後奶茶500ml【寶雅】,38元,https://tw.mall.yahoo.com/item/p0052131925771,50,銷售件數：0
寶雅,2017-06-04 12:15:20,麒麟午後紅茶500ml【寶雅】,33元,https://tw.mall.yahoo.com/item/p0052131925820,50,銷售件數：0
寶雅,2017-06-04 12:15:21,NAIPIS KAROMIS乳酸菌飲料(水蜜桃)290ml【寶雅】,19元,https://tw.mall.yahoo.com/item/p0052131925821,50,銷售件數：0
寶雅,2017-06-04 12:15:21,海洋之星#魔法泡泡棒【寶雅】泡泡,280元,https://tw.mall.yahoo.com/item/p0052131887871,50,銷售件數：0
寶雅,2017-06-04 12:15:22,【買一送一】味覺噗啾條糖50g-橘子【寶雅】,78元,https://tw.mall.yahoo.com/item/p0052131925824,50,銷售件數：0
寶雅,2017-06-04 12:15:22,MARUKA炸花枝餅乾瀨戶內檸檬味90g【寶雅】,99元,https://tw.mall.yahoo.com/item/p0052131925825,50,銷售件數：0
寶雅,2017-06-04 12:15:23,CASTELBEL情書系列香氛皂200g檸檬羅勒【寶雅】,480元,https://tw.mall.yahoo.com/item/p0052114772369,50,銷售件數：0
寶雅,2017-06-04 12:15:23,ChoJung椒井天然氣泡礦泉水1500ml【寶雅】,55元,https://tw.mall.yahoo.com/item/p0052131925834,50,銷售件數：0
寶雅,2017-06-04 12:15:24,固力果迪士尼飲料棒棒糖(新包裝)9.5g【寶雅】,19元,https://tw.mall.yahoo.com/item/p0052131925836,50,銷售件數：0
寶雅,2017-06-04 12:15:24,【買一送一】法國沛綠雅氣泡天然礦泉水(二款任選)330ml【寶雅】原味 檸檬,79元,https://tw.mall.yahoo.com/item/p0052131925838,50,銷售件數：0
寶雅,2017-06-04 12:15:25,寶礦力水得ION WATER 580ml【寶雅】,19元,https://tw.mall.yahoo.com/item/p0052131925844,50,銷售件數：0
寶雅,2017-06-04 12:15:25,紀州梅匠梅片 15g【寶雅】,45元,https://tw.mall.yahoo.com/item/p0052131925847,50,銷售件數：0
寶雅,2017-06-04 12:15:25,纖Q好手藝薏仁水30入【寶雅】,265元,https://tw.mall.yahoo.com/item/p0052131925848,50,銷售件數：0
寶雅,2017-06-04 12:15:26,BOSS咖啡歐蕾 185g【寶雅】,45元,https://tw.mall.yahoo.com/item/p0052131925849,50,銷售件數：0
寶雅,2017-06-04 12:15:26,日清TOMICA汽車餅乾 55g【寶雅】,49元,https://tw.mall.yahoo.com/item/p0052131925852,50,銷售件數：0
寶雅,2017-06-04 12:15:27,BOSS濃縮咖啡(彩虹罐) 185g【寶雅】,45元,https://tw.mall.yahoo.com/item/p0052131925855,50,銷售件數：0
寶雅,2017-06-04 12:15:27,【買一送一】賽萊斯角鯊分子酊保濕精華乳5% 70ml【寶雅】,1280元,https://tw.mall.yahoo.com/item/p0052107999244,50,銷售件數：0
寶雅,2017-06-04 12:15:27,盛香珍純果凍(綜合)600g【寶雅】,39元,https://tw.mall.yahoo.com/item/p0052131925861,50,銷售件數：0
寶雅,2017-06-04 12:15:28,明治果汁膠原QQ軟糖(紅石榴)81g【寶雅】,79元,https://tw.mall.yahoo.com/item/p0052131925862,50,銷售件數：0
寶雅,2017-06-04 12:15:28,韓國頂級龍蝦馬鈴薯麵 141g【寶雅】,95元,https://tw.mall.yahoo.com/item/p0052131925866,50,銷售件數：0
寶雅,2017-06-04 12:15:29,舒跑運動飲料590ml【寶雅】,19元,https://tw.mall.yahoo.com/item/p0052131925870,50,銷售件數：0
寶雅,2017-06-04 12:15:29,卡滋心爆薯球-嫩感雞汁【寶雅】,29元,https://tw.mall.yahoo.com/item/p0052131925876,50,銷售件數：0
寶雅,2017-06-04 12:15:30,卡滋心爆薯球-鮮脆海苔【寶雅】,29元,https://tw.mall.yahoo.com/item/p0052131925880,50,銷售件數：0
寶雅,2017-06-04 12:15:31,土耳其Taris天然無花果乾200g【寶雅】,189元,https://tw.mall.yahoo.com/item/p0052131925888,50,銷售件數：0
寶雅,2017-06-04 12:15:31,Kettle薄切洋芋片(海味)56g【寶雅】,59元,https://tw.mall.yahoo.com/item/p0052131925886,50,銷售件數：0
寶雅,2017-06-04 12:15:32,Beanies即溶咖啡(杏仁甜酒風味)50g【寶雅】,175元,https://tw.mall.yahoo.com/item/p0052131925894,50,銷售件數：0
寶雅,2017-06-04 12:15:32,樂天摩卡拿鐵咖啡 200ml【寶雅】,19元,https://tw.mall.yahoo.com/item/p0052131925900,50,銷售件數：0
寶雅,2017-06-04 12:15:33,Beanies即溶咖啡(香濃焦糖風味)50g【寶雅】,175元,https://tw.mall.yahoo.com/item/p0052131925902,50,銷售件數：0
寶雅,2017-06-04 12:15:33,名屋水果牛乳500ml(四款任選)【寶雅】芒果 蘋果 木瓜 香蕉 牛奶,19元,https://tw.mall.yahoo.com/item/p0052131925903,50,銷售件數：0
寶雅,2017-06-04 12:15:33,美國樹頂100%純蘋果汁320ml鋁罐【寶雅】Treetop,24元,https://tw.mall.yahoo.com/item/p0052131925905,50,銷售件數：0
寶雅,2017-06-04 12:15:34,二合一電動美足機【寶雅】,899元,https://tw.mall.yahoo.com/item/p0052121507143,50,銷售件數：0
寶雅,2017-06-04 12:15:35,Lotte 柑橘飲料 240ml【寶雅】,29元,https://tw.mall.yahoo.com/item/p0052131925908,50,銷售件數：0
寶雅,2017-06-04 12:15:36,伊藤園蜜桃紅茶530ml【寶雅】,23元,https://tw.mall.yahoo.com/item/p0052131925910,50,銷售件數：0
寶雅,2017-06-04 12:15:36,Lotte 葡萄飲料 240ml【寶雅】,29元,https://tw.mall.yahoo.com/item/p0052131925912,50,銷售件數：0
寶雅,2017-06-04 12:15:37,Lotte 草莓拿鐵 240ml【寶雅】,29元,https://tw.mall.yahoo.com/item/p0052131925917,50,銷售件數：0
寶雅,2017-06-04 12:15:38,伊藤園抹茶茉莉綠茶530ml【寶雅】,23元,https://tw.mall.yahoo.com/item/p0052131925918,50,銷售件數：0
寶雅,2017-06-04 12:15:38,伊藤園蘋果紅茶530ml【寶雅】,23元,https://tw.mall.yahoo.com/item/p0052131925924,50,銷售件數：0
寶雅,2017-06-04 12:15:39,Medimix阿育吠陀美膚皂125g(香白美肌)【寶雅】Medimix 印度神皂帆船飯店,65元,https://tw.mall.yahoo.com/item/p0052119919955,50,銷售件數：0
寶雅,2017-06-04 12:15:40,妮傲絲翠高效Neotec甘草酸舒緩活膚乳霜50ML【寶雅】Neotec,474元,https://tw.mall.yahoo.com/item/p0052131791329,50,銷售件數：0
寶雅,2017-06-04 12:15:40,【買一送一】賽萊斯DNA多胜太抗皺保濕霜8%30mL【寶雅】,1780元,https://tw.mall.yahoo.com/item/p0052131734999,50,銷售件數：0
寶雅,2017-06-04 12:15:40,三養韓式泡菜鍋風味拉麵 115g【寶雅】,39元,https://tw.mall.yahoo.com/item/p0052131925935,50,銷售件數：0
寶雅,2017-06-04 12:15:41,寶礦力水得580ml【寶雅】,19元,https://tw.mall.yahoo.com/item/p0052131925960,50,銷售件數：0
寶雅,2017-06-04 12:15:42,【買一送一】霓淨思玻尿酸能量水凍膜100ml【寶雅】霓淨思,850元,https://tw.mall.yahoo.com/item/p0052131735830,50,銷售件數：0
寶雅,2017-06-04 12:15:42,台鹽ALL IN ONE 全效極緻賦活精華EX 30ml【寶雅】台鹽 精華,599元,https://tw.mall.yahoo.com/item/p0052131791652,50,銷售件數：0
寶雅,2017-06-04 12:15:42,台鹽 激因賦活精華EX 40ml【寶雅】台鹽 精華,599元,https://tw.mall.yahoo.com/item/p0052131791777,50,銷售件數：0
寶雅,2017-06-04 12:15:43,【買一送一】赫蒂法G3 晶透控油竹炭面膜/5片【寶雅】赫蒂法 控油,217元,https://tw.mall.yahoo.com/item/p0052131793012,50,銷售件數：0
寶雅,2017-06-04 12:15:44,【買一送一】赫蒂法G4 晶透無暇亮白面膜/5片【寶雅】赫蒂法 亮白,217元,https://tw.mall.yahoo.com/item/p0052131793480,50,銷售件數：0
寶雅,2017-06-04 12:15:45,【買一送一】赫蒂法G5 晶透EGF超導修護面膜/5片【寶雅】赫蒂法 修護,217元,https://tw.mall.yahoo.com/item/p0052131793776,50,銷售件數：0
寶雅,2017-06-04 12:15:47,【買一送一】赫蒂法G6 晶透無齡彈力面膜5片【寶雅】赫蒂法 彈力,217元,https://tw.mall.yahoo.com/item/p0052131793898,50,銷售件數：0
寶雅,2017-06-04 12:15:48,【買一送一】赫蒂法G1 晶透水嫩纖柔面膜5片【寶雅】赫蒂法 水嫩,217元,https://tw.mall.yahoo.com/item/p0052131794061,50,銷售件數：0
寶雅,2017-06-04 12:15:48,Medimix阿育吠陀美膚皂125g(天然草本)【寶雅】Medimix 印度神皂帆船飯店,65元,https://tw.mall.yahoo.com/item/p0052119920088,50,銷售件數：0
寶雅,2017-06-04 12:15:49,【買一送一】赫蒂法G2 晶透敏若呵護面膜5片【寶雅】赫蒂法,217元,https://tw.mall.yahoo.com/item/p0052131794216,50,銷售件數：0
寶雅,2017-06-04 12:15:50,霓淨思肌源更新煥膚霜60ml【寶雅】霓淨思,1280元,https://tw.mall.yahoo.com/item/p0052131794974,50,銷售件數：0
寶雅,2017-06-04 12:15:50,霓淨思粉刺溶解精華 15ml【寶雅】,520元,https://tw.mall.yahoo.com/item/p0052131794729,50,銷售件數：0
寶雅,2017-06-04 12:15:51,台鹽 傳明酸透亮黑面膜 5入【寶雅】台鹽 面膜,299元,https://tw.mall.yahoo.com/item/p0052131795191,50,銷售件數：0
寶雅,2017-06-04 12:15:51,快潔適SDC抗菌洗手乳300ml山茶花香【寶雅】,45元,https://tw.mall.yahoo.com/item/p0052131802131,50,銷售件數：0
寶雅,2017-06-04 12:15:52,澳寶一分鐘焗油225ml深層修護-極速修護【寶雅】澳寶,159元,https://tw.mall.yahoo.com/item/p0052131802425,50,銷售件數：0
寶雅,2017-06-04 12:15:52,NESTI DANTE 義大利手工皂250g薰衣草【寶雅】NESTI DANTE 義大利,249元,https://tw.mall.yahoo.com/item/p0052131804025,50,銷售件數：0
寶雅,2017-06-04 12:15:53,NESTI DANTE 義大利手工皂250g香柏木【寶雅】NESTI DANTE 義大利,249元,https://tw.mall.yahoo.com/item/p0052131804257,50,銷售件數：0
寶雅,2017-06-04 12:15:53,NESTI DANTE 義大利手工皂250g櫻花蝶戀【寶雅】NESTI DANTE 義大利,249元,https://tw.mall.yahoo.com/item/p0052131804358,50,銷售件數：0
寶雅,2017-06-04 12:15:54,NESTI DANTE 義大利手工皂250g膠原彈力【寶雅】NESTI DANTE 義大利,249元,https://tw.mall.yahoo.com/item/p0052131804496,50,銷售件數：0
寶雅,2017-06-04 12:15:54,NESTI DANTE 義大利手工皂250g紫藤紫丁【寶雅】NESTI DANTE 義大利,249元,https://tw.mall.yahoo.com/item/p0052131804597,50,銷售件數：0
寶雅,2017-06-04 12:15:55,NESTI DANTE 義大利手工皂250g柏金菁萃【寶雅】NESTI DANTE 義大利,249元,https://tw.mall.yahoo.com/item/p0052131805448,50,銷售件數：0
寶雅,2017-06-04 12:15:56,NESTI DANTE 義大利手工皂250g黃金能量【寶雅】NESTI DANTE 義大利,249元,https://tw.mall.yahoo.com/item/p0052131805297,50,銷售件數：0
寶雅,2017-06-04 12:15:56,綠貝陶瓷咖啡濾杯1~2人份【寶雅】咖啡,199元,https://tw.mall.yahoo.com/item/p0052131816868,50,銷售件數：0
寶雅,2017-06-04 12:15:57,NESTI DANTE 義大利手工皂250g柏金菁萃【寶雅】NESTI DANTE 義大利,249元,https://tw.mall.yahoo.com/item/p0052131805448,50,銷售件數：0
寶雅,2017-06-04 12:15:57,鮮封二號兩用封口機【寶雅】,339元,https://tw.mall.yahoo.com/item/p0052131820769,50,銷售件數：0
寶雅,2017-06-04 12:15:57,韓國YEEHYUN紙膠帶NO:MST-01【寶雅】韓國 紙膠帶 手作,45元,https://tw.mall.yahoo.com/item/p0052132153967,50,銷售件數：0
寶雅,2017-06-04 12:15:58,小熊壽司模【寶雅】 壽司 野餐 飯糰,63元,https://tw.mall.yahoo.com/item/p0052131823561,50,銷售件數：0
寶雅,2017-06-04 12:15:58,簡單飯糰模型#附匙【寶雅】 壽司 野餐 飯糰,69元,https://tw.mall.yahoo.com/item/p0052131823030,50,銷售件數：0
寶雅,2017-06-04 12:15:59,壽司押型#細卷用【寶雅】 壽司 野餐 飯糰 細捲,63元,https://tw.mall.yahoo.com/item/p0052131823874,50,銷售件數：0
寶雅,2017-06-04 12:15:59,ALTO艾多曬全效防曬噴霧SPF50+ 35ml【寶雅】,199元,https://tw.mall.yahoo.com/item/p0052131831524,50,銷售件數：0
寶雅,2017-06-04 12:16:00,花王Humming衣物柔軟精玫瑰花園570ml【寶雅】柔軟精 花王 Humming,239元,https://tw.mall.yahoo.com/item/p0052132310595,50,銷售件數：0
寶雅,2017-06-04 12:16:01,我的心機-黑珍珠淨白無瑕水凝膠面膜1入【寶雅】,50元,https://tw.mall.yahoo.com/item/p0052131849433,50,銷售件數：0
寶雅,2017-06-04 12:16:02,台鹽 多胜肽撫紋面膜 5入【寶雅】台鹽 面膜,299元,https://tw.mall.yahoo.com/item/p0052131795092,50,銷售件數：0
寶雅,2017-06-04 12:16:03,GATSBY體用抗菌濕巾冰涼果香超值包30張【寶雅】,168元,https://tw.mall.yahoo.com/item/p0052131849442,50,銷售件數：0
寶雅,2017-06-04 12:16:04,美膚娜娜-痘煞噴霧【寶雅】,305元,https://tw.mall.yahoo.com/item/p0052131849444,50,銷售件數：0
寶雅,2017-06-04 12:16:05,桌遊 IQ 大連線 SMART GAMES【寶雅】,450元,https://tw.mall.yahoo.com/item/p0052123292832,50,銷售件數：0
寶雅,2017-06-04 12:16:05,福可瘦腰推脂按摩器【寶雅】,69元,https://tw.mall.yahoo.com/item/p0052121508947,50,銷售件數：0
寶雅,2017-06-04 12:16:06,L EGERE光透白植萃淨顏卸妝膏100g【寶雅】,399元,https://tw.mall.yahoo.com/item/p0052131849446,50,銷售件數：0
寶雅,2017-06-04 12:16:07,花王Flair香氛柔軟精花香協奏曲570ml【寶雅】柔軟精 花王 Flair,239元,https://tw.mall.yahoo.com/item/p0052132297795,50,銷售件數：0
寶雅,2017-06-04 12:16:08,美膚娜娜-轟痘泥膜【寶雅】,415元,https://tw.mall.yahoo.com/item/p0052131849448,50,銷售件數：0
寶雅,2017-06-04 12:16:09,Biore兒童溫和防曬乳液90g【寶雅】,299元,https://tw.mall.yahoo.com/item/p0052131849449,50,銷售件數：0
寶雅,2017-06-04 12:16:10,Farm Stay果凍保濕噴霧-膠原蛋白【寶雅】,149元,https://tw.mall.yahoo.com/item/p0052131849450,50,銷售件數：0
寶雅,2017-06-04 12:16:10,歌林20W亮度炫彩觸控護眼檯燈【寶雅】,1580元,https://tw.mall.yahoo.com/item/p0052119426525,50,銷售件數：0
寶雅,2017-06-04 12:16:11,GATSBY潔面濕紙巾-玻尿酸15枚【寶雅】,59元,https://tw.mall.yahoo.com/item/p0052131849452,50,銷售件數：0
寶雅,2017-06-04 12:16:12,Farm Stay果凍保濕噴霧-蘆薈【寶雅】,149元,https://tw.mall.yahoo.com/item/p0052131849453,50,銷售件數：0
寶雅,2017-06-04 12:16:12,花王New Beads Neo濃縮洗衣精400g【寶雅】濃縮洗衣精 花王 New Beads Neo,215元,https://tw.mall.yahoo.com/item/p0052132434886,50,銷售件數：0
寶雅,2017-06-04 12:16:13,GATSBY體用抗菌濕巾極凍冰橙超值包30張【寶雅】,168元,https://tw.mall.yahoo.com/item/p0052131849455,50,銷售件數：0
寶雅,2017-06-04 12:16:13,IMJU薏仁清潤保濕凝露180g【寶雅】,329元,https://tw.mall.yahoo.com/item/p0052131849456,50,銷售件數：0
寶雅,2017-06-04 12:16:13,【寶雅獨家】heme泥膜 50g【寶雅】肌膚美味佐醬 粉刺,199元,https://tw.mall.yahoo.com/item/p0052131849457,50,銷售件數：0
寶雅,2017-06-04 12:16:14,PADDY鞋環LED防水警示燈PD-ABL02【寶雅】纖體 健身 運動,179元,https://tw.mall.yahoo.com/item/p0052131886123,50,銷售件數：0
寶雅,2017-06-04 12:16:15,海洋之星#魔法泡泡棒【寶雅】泡泡,280元,https://tw.mall.yahoo.com/item/p0052131887871,50,銷售件數：0
寶雅,2017-06-04 12:16:15,手機防水運動腰包(二色任選)【寶雅】運動 路跑 防水,179元,https://tw.mall.yahoo.com/item/p0052131887268,50,銷售件數：0
寶雅,2017-06-04 12:16:17,蜂王銀杏燕麥緊緻美肌潔膚皂90g【寶雅】,49元,https://tw.mall.yahoo.com/item/p0052114772298,50,銷售件數：0
寶雅,2017-06-04 12:16:17,美膚娜娜-糾痘乳膏【寶雅】,255元,https://tw.mall.yahoo.com/item/p0052131849466,50,銷售件數：0
寶雅,2017-06-04 12:16:18,泡泡盤【寶雅】泡泡,189元,https://tw.mall.yahoo.com/item/p0052131887945,50,銷售件數：0
寶雅,2017-06-04 12:16:18,曼秀雷敦水潤肌瞬間清爽防曬噴霧(無香料)90【寶雅】,399元,https://tw.mall.yahoo.com/item/p0052131849470,50,銷售件數：0
寶雅,2017-06-04 12:16:19,【買一送一】霓淨思玻尿酸控油持妝乳50ml【寶雅】保濕 霓淨思 玻尿酸,850元,https://tw.mall.yahoo.com/item/p0052126769022,50,銷售件數：0
寶雅,2017-06-04 12:16:20,KD260B速乾手型袖套(4色)【寶雅】防曬袖套推薦 抗uv 速乾,55元,https://tw.mall.yahoo.com/item/p0052125042324,50,銷售件數：0
寶雅,2017-06-04 12:16:20,拉拉熊 絨布束口袋【寶雅】,119元,https://tw.mall.yahoo.com/item/p0052131928566,50,銷售件數：0
寶雅,2017-06-04 12:16:21,高彈力行李箱保護套 - 28吋【寶雅】,519元,https://tw.mall.yahoo.com/item/p0052131927904,50,銷售件數：0
寶雅,2017-06-04 12:16:22,卡娜赫拉 絨布束口袋【寶雅】,119元,https://tw.mall.yahoo.com/item/p0052131928714,50,銷售件數：0
寶雅,2017-06-04 12:16:22,卡娜赫拉 帆布手提袋【寶雅】便當袋,279元,https://tw.mall.yahoo.com/item/p0052131928802,50,銷售件數：0
寶雅,2017-06-04 12:16:23,目元美人保濕眼罩【寶雅】,45元,https://tw.mall.yahoo.com/item/p0052132112010,50,銷售件數：0
寶雅,2017-06-04 12:16:23,指尖陀螺-白色藍色紅色-三色任選【寶雅】指尖 手指 陀螺 舒壓,69元,https://tw.mall.yahoo.com/item/p0052132153486,50,銷售件數：0
寶雅,2017-06-04 12:16:24,韓國YEEHYUN紙膠帶NO:MST-02【寶雅】韓國 紙膠帶 手作,45元,https://tw.mall.yahoo.com/item/p0052132154058,50,銷售件數：0
寶雅,2017-06-04 12:16:24,韓國YEEHYUN紙膠帶NO:MST-03【寶雅】韓國 紙膠帶 手作,45元,https://tw.mall.yahoo.com/item/p0052132154193,50,銷售件數：0
寶雅,2017-06-04 12:16:25,韓國YEEHYUN紙膠帶NO:MST-04【寶雅】韓國 紙膠帶 手作,45元,https://tw.mall.yahoo.com/item/p0052132154213,50,銷售件數：0
寶雅,2017-06-04 12:16:25,韓國YEEHYUN紙膠帶NO:MST-05【寶雅】韓國 紙膠帶 手作,45元,https://tw.mall.yahoo.com/item/p0052132154415,50,銷售件數：0
寶雅,2017-06-04 12:16:26,韓國YEEHYUN紙膠帶NO:MST-06【寶雅】韓國 紙膠帶 手作,45元,https://tw.mall.yahoo.com/item/p0052132154433,50,銷售件數：0
寶雅,2017-06-04 12:16:26,韓國YEEHYUN紙膠帶NO:MST-07【寶雅】韓國 紙膠帶 手作,45元,https://tw.mall.yahoo.com/item/p0052132154598,50,銷售件數：0
寶雅,2017-06-04 12:16:27,韓國YEEHYUN紙膠帶NO:MST-09【寶雅】韓國 紙膠帶 手作,45元,https://tw.mall.yahoo.com/item/p0052132154796,50,銷售件數：0
寶雅,2017-06-04 12:16:27,韓國YEEHYUN紙膠帶NO:MST-08【寶雅】韓國 紙膠帶 手作,45元,https://tw.mall.yahoo.com/item/p0052132154767,50,銷售件數：0
寶雅,2017-06-04 12:16:28,DIY緞帶卡3米#1(100cm*3入)【寶雅】緞帶 手作,46元,https://tw.mall.yahoo.com/item/p0052132163329,50,銷售件數：0
寶雅,2017-06-04 12:16:28,韓國YEEHYUN紙膠帶NO:MST-10【寶雅】韓國 紙膠帶 手作,45元,https://tw.mall.yahoo.com/item/p0052132154925,50,銷售件數：0
寶雅,2017-06-04 12:16:30,DIY緞帶卡3米#3(100cm*3入)【寶雅】緞帶 手作,46元,https://tw.mall.yahoo.com/item/p0052132163729,50,銷售件數：0
寶雅,2017-06-04 12:16:30,DIY緞帶卡3米#2(100cm*3入)【寶雅】緞帶 手作,46元,https://tw.mall.yahoo.com/item/p0052132163635,50,銷售件數：0
寶雅,2017-06-04 12:16:31,DIY緞帶卡3米#4(100cm*3入)【寶雅】緞帶 手作,46元,https://tw.mall.yahoo.com/item/p0052132163742,50,銷售件數：0
寶雅,2017-06-04 12:16:31,Hello Kitty壓瓶50ml-愛心/蝴蝶/抱抱-隨機出貨【寶雅】kitty 壓瓶,49元,https://tw.mall.yahoo.com/item/p0052132171125,50,銷售件數：0
寶雅,2017-06-04 12:16:32,樂品酷炫黑四層醫用口罩30+3枚盒裝【寶雅】 樂品 口罩,129元,https://tw.mall.yahoo.com/item/p0052132174501,50,銷售件數：0
寶雅,2017-06-04 12:16:32,日本P&G Bold護色防縮柔軟洗衣精500ml【寶雅】濃縮洗衣精 花王 New Beads Neo,149元,https://tw.mall.yahoo.com/item/p0052132439851,50,銷售件數：0
