書寫用,蠟筆,筆,鉛筆芯,筆芯,魔擦筆,毛筆,單頭螢光筆,簽字筆,畫筆,中性筆,鋼珠筆,鋼筆,色鉛筆,針筆,自動鉛筆,彩色鉛筆,鉛筆,彩虹筆,原子筆,彩色筆,螢光筆,麥克筆,旋轉蠟筆,自動筆,粉蠟筆,圓珠筆,白板筆,奇異筆,萬用筆,水彩筆,鐵筆,溜溜筆,,,,,,
修正用,修正液,修正帶,替換帶,橡皮擦,大橡擦,替帶,修正袋,修正內帶,內帶,白板擦,,,,,,,,,,,,,,,,,,,,,,,,,,,,
黏貼/標記,背膠,貼紙,可再貼,凝膠,雙面膠帶,泡棉,隨意貼,N次貼,電氣膠帶,白膠,膠台,膠帶,泡棉膠帶,便利貼,便條貼,口紅膠,膠帶台,布膠帶,膠套,便條座,背膠磁膠片,相片膠,紙膠帶,便條紙,便條紙補充包,便條,膠水,保麗龍膠,接著劑,標籤紙,箭頭標籤,,,,,,,
書本類,記事本,紀念冊,日記帳,掛曆,筆記書,手冊,月曆,資料本,筆記,筆記本,手帳,線圈本,日記,隨身本,繪本,車線小筆記,書皮,筆記簿,日誌,桌曆,行事曆,英語作業簿,剪貼簿,著色本,登記簿,年曆,手記,日曆,畫本,作業簿,相本,資料簿,畫冊,電話簿,,,,
紙張類,卡紙,計算紙,厚質紙,信紙,列印紙,特厚紙,考勤卡,感謝卡,宣紙,吊卡,字卡,稿紙,活頁紙,封面紙,紙,再生紙,相片紙,書卡,紙卡,明信片,牛皮紙,卡片,影印紙,用紙,賀卡,票卡,大卡,名片卡,,,,,,,,,,
夾(子)類,長尾夾,孔夾,風琴夾,中間彈簧夾,木質板夾,夾子,壓克力板夾,型書夾,原木板夾,文件夾,票夾,名片夾,小木夾,證件繩金屬夾,板夾,扣夾,紙夾,卡夾,書夾,透明夾,證件夾,檔案夾,資料夾,,,,,,,,,,,,,,,
文書處理,剪刀,削筆器,訂書針,直尺,打孔鉗,筆刀,切割器,溝引尺,美工刀,釘書機,削筆機,薄鋼尺,筆削,圓規,刀片,鐵邊尺,圖釘,定規尺,鋁尺,削鉛筆機,捲尺,尺組,洞洞尺,印章,印台,迴紋針,別針,卡片圈,,,,,,,,,,
收納類,紙盒,筆筒,萬用筆袋,筆袋,雜誌箱,收納組,筆包,筆管,筆插,彩盒,筆盒,收納架,書架,掛架,畫架,,,,,,,,,,,,,,,,,,,,,,,
袋/套類,資料袋,輕便袋,輕便袋,網袋,環保袋,便利袋,吊袋,提袋,手提紙袋,拉鍊袋,背袋,公文袋,夾鍊袋,防水袋,牛皮紙公文封,牛皮紙信封,透明萬用袋,束口袋,公文封,收納袋,識別證袋,牛皮紙郵寄,資料帶,紙袋,信封,文件袋,小信套,置物袋,禮物袋,手機袋,紙帶,卡套,信套,保護套,識別證套,名片套,文件套,透明護卡套
其他,玩具鈔票便條,束帶,吊飾,展示框,桌墊,展示架,印章刷,吊牌,識別證帶,黑板,相框,緞帶,白板,保護膜,墊板,橡皮筋,軟墊,識別證,調色盤,春聯,畫板,錢包,標示牌,拉鍊帶,吊環,包裝紙,海報,,,,,,,,,,,
